"node_index","model_hash","representative_record_id","duplicate_count","resolved_label","conflict","source_files","candidate_families","original_index","filename","candidate_type","candidate_line","candidate_pos","raw_hash","token_hash","token_count","candidate_valid"
"49322","e60c6bc14272bfd2c4843e43eeed991d337c55a4d219c49ef80ad4a98396d8a3","92501","1","0","0","1","FC","68119","pval.c_gen_prios.c","FC:malloc","23","1","18ac982ac83b90b7c8eafb158613695d83d78655ee45f2c0377cdfe4bcbdf941","81cd9d0ec512c975a57684a4f4d2755a54062181ea41e49ce7181f0cb34c8b49","5111","1"
"49323","85890fe1d86a7965dc97de11760311489f1cebf73ae0525c3253437dbe75d21b","92502","1","0","0","1","FC","68120","pval.c_gen_prios.c","FC:malloc","26","2","f911b410437431cebd32c9ad34d8287757bdcf0febff9a5d7c4f12c3e518ef5e","4aa7626208c53277bcadb652db7aeede3d915f1f8f1aefcc5214820d2005528b","5107","1"
"49324","73b80cc27b5d90f177b3a1691fe1d86c163a386a3591192e5f8ca1980b41f25a","92503","1","0","0","1","FC","68121","pval.c_gen_prios.c","FC:malloc","29","3","1c221815ed94658bc4eb7d8d77ed198bdc8ec9530a1843a58e5d016ab7cd23ad","aa708d7fd85826c6487ad7b18fdbeb86baa509a99d2c6dc149cf4fe4652c46f3","5103","1"
"49325","03b7b516b2e84290e84225130193671b62fd0f762fdadc3b0430eebe16b89d26","92504","1","0","0","1","PU","68122","pval.c_gen_prios.c","PU","32","4","de656c9829d64f0925d77752d255467e9511c304de8762a5e1de6965d5990172","226d191ac423e175c29e51bd48da6666630ecc093fe0e35a094297ca6b504bb4","85","1"
"49326","c1818507233d82b21c6cda5b4e8670c4376f72174c95e398f137175a4eae888d","92505","1","0","0","1","PU","68123","pval.c_gen_prios.c","PU","35","7","a67697cd6193fe7365bf9f8e8cab410a55b60165d54e6f1556b99ce97a36621c","ea6d91fae047447e93e17566869195ce72fb0e23477a945da804d3df8db42c29","105","1"
"49327","64446518ef7bee5dda4ff3401ff130af7808927180136c754bdcb419b05f8f4a","92506","4","0","0","1","AE,FC","68124","pval.c_gen_prios.c","AE","36","8","df77559f179f24a87c2122d5375e24a701dd5899987bca0a3ea05947b5e22a54","531523f0548230be7e414e74e994a7d42d1c77c061037a1c104aa92289646c0e","4956","1"
"49328","d84a9b9dcc650e960fb082e4f00ca365b6e581a14e8be7dd6025c80314b4845a","92507","1","0","0","1","PU","68125","pval.c_gen_prios.c","PU","38","10","7c5adfa1a87db65049676f2edb770fc30704996c59427d965a929e402f6cca44","9358a49b4cb893081aba7bec342208d15c7cd091bc0f45bef468694d5645f9b5","214","1"
"49329","53236ed2fa234d3b2f3faf5b930a804bf43d7b0a31f7626363f4784e28c7eb99","92509","1","0","0","1","PU","68127","pval.c_gen_prios.c","PU","41","12","7c5adfa1a87db65049676f2edb770fc30704996c59427d965a929e402f6cca44","9358a49b4cb893081aba7bec342208d15c7cd091bc0f45bef468694d5645f9b5","214","1"
"49330","6d69b5596aa12ee4a152e5abbba05b592eeff9fd0c44ae2dd520d6e1f92d55d3","92512","1","0","0","1","PU","68130","pval.c_gen_prios.c","PU","51","17","7c5adfa1a87db65049676f2edb770fc30704996c59427d965a929e402f6cca44","9358a49b4cb893081aba7bec342208d15c7cd091bc0f45bef468694d5645f9b5","214","1"
"49331","be73bfe77d9550aa9ebf79a85500b1fcf9ed44b63fa20fbcfe74c56e03055eb1","92513","1","0","0","1","PU","68131","pval.c_gen_prios.c","PU","52","18","7c5adfa1a87db65049676f2edb770fc30704996c59427d965a929e402f6cca44","9358a49b4cb893081aba7bec342208d15c7cd091bc0f45bef468694d5645f9b5","214","1"
"49332","fdfc4a49c0cc9ff0b51302ffd9c41f51890b5b0c8d79a5771a182b32d3b8700b","92514","1","0","0","1","PU","68132","pval.c_gen_prios.c","PU","54","20","7c5adfa1a87db65049676f2edb770fc30704996c59427d965a929e402f6cca44","9358a49b4cb893081aba7bec342208d15c7cd091bc0f45bef468694d5645f9b5","214","1"
"49333","fac5ccc94cdbe525228cef8a07a3762e79ce63e528cda3c2798f2530b7f7f3e1","92515","1","0","0","1","PU","68133","pval.c_gen_prios.c","PU","55","21","7c5adfa1a87db65049676f2edb770fc30704996c59427d965a929e402f6cca44","9358a49b4cb893081aba7bec342208d15c7cd091bc0f45bef468694d5645f9b5","214","1"
"49334","2a6783444aeea28688434a4f19af120207109ed49a0b4385e9920efd9f2befbc","92516","1","0","0","1","PU","68134","pval.c_gen_prios.c","PU","60","8","7283f5e37fdc8cc0510755e6aa73c1112b76da0817397acaf57efd81ffc51cca","3e7ab8d18607c8a2c76d862b983a68f4397de4a1907f9e3bc7d7705f6c54a33e","112","1"
"49335","4fddfa999223871193eff0f0c9cc8963b60f6ae83e545547efc9ee5b0e0e03d4","92517","4","0","0","1","AE,FC","68135","pval.c_gen_prios.c","AE","61","9","4f31e5a55ed67f8a9d3e26d3627b9ab7743659332c5aa533897032481585b6bc","5fc7b25f47eb87ef898816fc2499322499f3b44098c366b6b09bf6b910c2dc52","4961","1"
"49336","f93fe03403ebdbcd89b68d5ae3cf369de22b911bdd742f5cc410fcf54806ea52","92518","1","0","0","1","PU","68136","pval.c_gen_prios.c","PU","63","11","b0713e1d35d05c721043c95ad47542fb301515679091547a31bf1288c8af5b63","381adf2a59a7ae33ac7b37e04ab97a1d89949adb89a9ed61f8bfbdad719195eb","219","1"
"49337","582ce78ac5018a339281df9f4bec132228ba629362110dd25fff6c888ecafe7a","92520","1","0","0","1","PU","68138","pval.c_gen_prios.c","PU","66","13","b0713e1d35d05c721043c95ad47542fb301515679091547a31bf1288c8af5b63","381adf2a59a7ae33ac7b37e04ab97a1d89949adb89a9ed61f8bfbdad719195eb","219","1"
"49338","21ef8cd0c1a6c4910738d8b459a4f93d564b3fec3b8364b12b13b8df54acb5fd","92523","1","0","0","1","PU","68141","pval.c_gen_prios.c","PU","76","18","b0713e1d35d05c721043c95ad47542fb301515679091547a31bf1288c8af5b63","381adf2a59a7ae33ac7b37e04ab97a1d89949adb89a9ed61f8bfbdad719195eb","219","1"
"49339","bb591e453273ed9408d6fd93239ca9ee927c47556799e2e4b4dd01c9fd98ca8e","92524","1","0","0","1","PU","68142","pval.c_gen_prios.c","PU","77","19","b0713e1d35d05c721043c95ad47542fb301515679091547a31bf1288c8af5b63","381adf2a59a7ae33ac7b37e04ab97a1d89949adb89a9ed61f8bfbdad719195eb","219","1"
"49340","eb0bff7ea5df988a11bef7c6dce5db774cbf00b4d316058cc8d39fdd00b07fe7","92525","1","0","0","1","PU","68143","pval.c_gen_prios.c","PU","79","21","b0713e1d35d05c721043c95ad47542fb301515679091547a31bf1288c8af5b63","381adf2a59a7ae33ac7b37e04ab97a1d89949adb89a9ed61f8bfbdad719195eb","219","1"
"49341","efc074ee719060af08a2ef930b7d4f8007ad7455a7571121e1fb27d0722b74c7","92526","1","0","0","1","PU","68144","pval.c_gen_prios.c","PU","80","22","b0713e1d35d05c721043c95ad47542fb301515679091547a31bf1288c8af5b63","381adf2a59a7ae33ac7b37e04ab97a1d89949adb89a9ed61f8bfbdad719195eb","219","1"
"49342","fa6134dc2e09bc41c2eed12055931955eb0e225e35f25bdf90dc5752d14405d7","92527","1","0","0","1","PU","68145","pval.c_gen_prios.c","PU","87","7","488e5f3f3cf16ac9067f5b5e082fd0778ac3edbf7d2e512f68abd7ff6904a7a6","c42297d13623cd979b6bdfba568d07bcfa4ea81ed7b97989128fda5ccaee3891","104","1"
"49343","def208a62dfbb0b5c36d637abc224e0c626b0725538188e8d161f096bf242f3a","92528","1","0","0","1","PU","68146","pval.c_gen_prios.c","PU","90","7","a94553c7350d8f7bd05bec53d6d1b467f7d48911b29bff2966cb2636ba650450","ba7f6ab39fd62d438235984c7d2455a95b71e5ad53e35c61b87979e278cb2937","104","1"
"49344","e98bd9af9e97bdfa14c3a248860ad28af54df994e2bd7f8b8e3a9db3da5ca917","92529","1","0","0","1","PU","68147","pval.c_gen_prios.c","PU","94","42","f309754b73f92fdb35c69a2d23c208683c44a59f5a50be154aaed7a586326380","59ee1372eea33da570c4b56c8c1c77d170106a8162d14cdcea225f56bae1300b","4895","1"
"49345","dc64fcdec673cd5559e55e7f8431a12094658ae05d9e0e65a27b4762f8b1eb38","92530","1","0","0","1","PU","68148","pval.c_gen_prios.c","PU","95","43","6d40d490d5ddf35752c78e5e3d5f8662b9355c13e3dad64fce5f234fa6c39759","19b32e5e5a14da7196c829425d80c79360ddd64b399bcffb17d8ce14cb210664","5099","1"
"49346","0a3afc08ffb8dc5b8aa3c26a1501a203ebb7ba98d0c09dbb78f74c81829eb5ad","92531","1","0","0","1","PU","68149","pval.c_gen_prios.c","PU","98","45","f309754b73f92fdb35c69a2d23c208683c44a59f5a50be154aaed7a586326380","59ee1372eea33da570c4b56c8c1c77d170106a8162d14cdcea225f56bae1300b","4895","1"
"49347","94aaa563d4dad9c225a51b9304db741599d73bb0a1c4658ec9cbabcc73d1b7cd","92532","1","0","0","1","FC","68150","pval.c_gen_prios.c","FC:snprintf","99","46","6d40d490d5ddf35752c78e5e3d5f8662b9355c13e3dad64fce5f234fa6c39759","19b32e5e5a14da7196c829425d80c79360ddd64b399bcffb17d8ce14cb210664","5099","1"
"49348","e015ed815f71e9066d8c740f2be84486bddd689a881d302aac884e7c84800e27","92533","1","0","0","1","FC","68151","pval.c_gen_prios.c","FC:strdup","100","47","6d40d490d5ddf35752c78e5e3d5f8662b9355c13e3dad64fce5f234fa6c39759","19b32e5e5a14da7196c829425d80c79360ddd64b399bcffb17d8ce14cb210664","5099","1"
"49349","26bf5f9fe1ab7757e366a9352a178046b007a6d56ada1da8298851621549634a","92534","1","0","0","1","FC","68152","pval.c_gen_prios.c","FC:strdup","102","49","6d40d490d5ddf35752c78e5e3d5f8662b9355c13e3dad64fce5f234fa6c39759","19b32e5e5a14da7196c829425d80c79360ddd64b399bcffb17d8ce14cb210664","5099","1"
"49350","2685aa79301ad0142f7a2e41b4af16eb90e6f7797644a111ff8320535323afe4","92535","1","0","0","1","PU","68153","pval.c_gen_prios.c","PU","103","50","f309754b73f92fdb35c69a2d23c208683c44a59f5a50be154aaed7a586326380","59ee1372eea33da570c4b56c8c1c77d170106a8162d14cdcea225f56bae1300b","4895","1"
"49351","bdba4100651cf529ea8449f00eaf09f8442f3e07f775c05102d5a175ce043fdb","92536","1","0","0","1","PU","68154","pval.c_gen_prios.c","PU","108","53","f309754b73f92fdb35c69a2d23c208683c44a59f5a50be154aaed7a586326380","59ee1372eea33da570c4b56c8c1c77d170106a8162d14cdcea225f56bae1300b","4895","1"
"49352","c09c466cb90f3d2a495d3139490d3dbbc858fcbed3d868223bbb04c3f5dbdef2","92537","1","0","0","1","FC","68155","pval.c_gen_prios.c","FC:snprintf","109","54","6d40d490d5ddf35752c78e5e3d5f8662b9355c13e3dad64fce5f234fa6c39759","19b32e5e5a14da7196c829425d80c79360ddd64b399bcffb17d8ce14cb210664","5099","1"
"49353","b195c99937310513aee985cdf9286d73bfdcf5efffe8091b655d3345b0e1bd72","92538","1","0","0","1","FC","68156","pval.c_gen_prios.c","FC:strdup","110","55","6d40d490d5ddf35752c78e5e3d5f8662b9355c13e3dad64fce5f234fa6c39759","19b32e5e5a14da7196c829425d80c79360ddd64b399bcffb17d8ce14cb210664","5099","1"
"49354","d1581b512bd6e2b05467651f4c943905d5d5e931f9ca5c2a8cc7ab10263ea092","92539","1","0","0","1","FC","68157","pval.c_gen_prios.c","FC:strdup","112","57","6d40d490d5ddf35752c78e5e3d5f8662b9355c13e3dad64fce5f234fa6c39759","19b32e5e5a14da7196c829425d80c79360ddd64b399bcffb17d8ce14cb210664","5099","1"
"49355","1c3b4d762ba161dd340924e7deaea4258c2f10540399d6449e1840145a73ebc8","92540","1","0","0","1","PU","68158","pval.c_gen_prios.c","PU","113","58","f309754b73f92fdb35c69a2d23c208683c44a59f5a50be154aaed7a586326380","59ee1372eea33da570c4b56c8c1c77d170106a8162d14cdcea225f56bae1300b","4895","1"
"49356","73d7222779bd369651a755363261c803c5b9dc7747e4ab3d5783b1c73ddbe1c9","92541","1","0","0","1","PU","68159","pval.c_gen_prios.c","PU","118","61","f309754b73f92fdb35c69a2d23c208683c44a59f5a50be154aaed7a586326380","59ee1372eea33da570c4b56c8c1c77d170106a8162d14cdcea225f56bae1300b","4895","1"
"49357","08e8a2cd096e92cabf1249ea05e92fc3fe755cd6ba79e191bb13c43beedec017","92542","1","0","0","1","PU","68160","pval.c_gen_prios.c","PU","119","62","f309754b73f92fdb35c69a2d23c208683c44a59f5a50be154aaed7a586326380","59ee1372eea33da570c4b56c8c1c77d170106a8162d14cdcea225f56bae1300b","4895","1"
"49358","ce41a137f7902641429106fe388ef2f0e9cf48f0876ef1b5f2de67eef80a404a","92543","1","0","0","1","PU","68161","pval.c_gen_prios.c","PU","120","63","221cfda0f5e10abb8caa7d3348d455146b069de49c6415148c5ddbfd43cea4db","7d41610b18cb97ad3b8dd34b786fb0e134c16c297f413d3bb740d11db2076cff","4904","1"
"49359","ef4ff118af669cad5cd712989e7f58b0a4d3bbb65c758597f6cb92d7e18a52ba","92544","1","0","0","1","PU","68162","pval.c_gen_prios.c","PU","121","64","a6c5d568abf41b7201bb7ec9a3f20b078edfbcaae76f5d026ffc30267b033c57","b9c3c895e5ffab68de54b033e6253dc6fc73ee251189fff30fd4e0ea9b29d8fc","4919","1"
"49360","44169b093000fddd44fd162fa62cb43a1a279566af34678f11bd693c602f78c0","92545","1","0","0","1","PU","68163","pval.c_gen_prios.c","PU","123","63","f309754b73f92fdb35c69a2d23c208683c44a59f5a50be154aaed7a586326380","59ee1372eea33da570c4b56c8c1c77d170106a8162d14cdcea225f56bae1300b","4895","1"
"49361","00cfdb879209625d416c1d8ef016ca9bdce3f462e7c5c30d42fcaaaf27fb95d0","92546","1","0","0","1","FC","68164","pval.c_gen_prios.c","FC:strdup","124","66","6d40d490d5ddf35752c78e5e3d5f8662b9355c13e3dad64fce5f234fa6c39759","19b32e5e5a14da7196c829425d80c79360ddd64b399bcffb17d8ce14cb210664","5099","1"
"49362","217a55b72cfe89f8b37950693e0d64fb97091c12990510ae98dae584ec214d93","92547","1","0","0","1","FC","68165","pval.c_gen_prios.c","FC:strdup","126","68","6d40d490d5ddf35752c78e5e3d5f8662b9355c13e3dad64fce5f234fa6c39759","19b32e5e5a14da7196c829425d80c79360ddd64b399bcffb17d8ce14cb210664","5099","1"
"49363","cd1a18aea03252301090100a68cb190e4d79c4272ce1657195f1f001a6d9fe8c","92548","1","0","0","1","FC","68166","pval.c_gen_prios.c","FC:snprintf","128","69","6d40d490d5ddf35752c78e5e3d5f8662b9355c13e3dad64fce5f234fa6c39759","19b32e5e5a14da7196c829425d80c79360ddd64b399bcffb17d8ce14cb210664","5099","1"
"49364","dc788c3b08bb0a29d81b705172d2e890eb869dda759bb7b87012683b9e18bbb7","92549","1","0","0","1","FC","68167","pval.c_gen_prios.c","FC:strdup","129","70","6d40d490d5ddf35752c78e5e3d5f8662b9355c13e3dad64fce5f234fa6c39759","19b32e5e5a14da7196c829425d80c79360ddd64b399bcffb17d8ce14cb210664","5099","1"
"49365","12ff219d4d56c098b1d540cc898d6626ca4501911e04325f9856a1552b8cb29f","92550","1","0","0","1","PU","68168","pval.c_gen_prios.c","PU","131","71","6d40d490d5ddf35752c78e5e3d5f8662b9355c13e3dad64fce5f234fa6c39759","19b32e5e5a14da7196c829425d80c79360ddd64b399bcffb17d8ce14cb210664","5099","1"
"49366","61e8f1b36fdd8021a560ece8522298fe02910c4df7c4e415be2e3bffed41bd2a","92551","1","0","0","1","FC","68169","pval.c_gen_prios.c","FC:snprintf","132","72","6d40d490d5ddf35752c78e5e3d5f8662b9355c13e3dad64fce5f234fa6c39759","19b32e5e5a14da7196c829425d80c79360ddd64b399bcffb17d8ce14cb210664","5099","1"
"49367","8303c1ace739a10864ff73787bc96b7f6a1c5800305a61ed3a609eace5212287","92552","1","0","0","1","FC","68170","pval.c_gen_prios.c","FC:strdup","133","73","6d40d490d5ddf35752c78e5e3d5f8662b9355c13e3dad64fce5f234fa6c39759","19b32e5e5a14da7196c829425d80c79360ddd64b399bcffb17d8ce14cb210664","5099","1"
"49368","0a078655947fd78c9f6dd401e973dd3b95cf94a62bc513fe8ace86dfa1f26d73","92553","1","0","0","1","FC","68171","pval.c_gen_prios.c","FC:strdup","134","74","6d40d490d5ddf35752c78e5e3d5f8662b9355c13e3dad64fce5f234fa6c39759","19b32e5e5a14da7196c829425d80c79360ddd64b399bcffb17d8ce14cb210664","5099","1"
"49369","e96649ac38fb13128d55f3a38c2c66ed4d4dc6f9b825460a27007c6608b9ed2f","92554","1","0","0","1","PU","68172","pval.c_gen_prios.c","PU","135","73","f309754b73f92fdb35c69a2d23c208683c44a59f5a50be154aaed7a586326380","59ee1372eea33da570c4b56c8c1c77d170106a8162d14cdcea225f56bae1300b","4895","1"
"49370","96687e7a01334901057b45ce5b98351ac907c484413f3d0baaa46fa2088223e6","92555","1","0","0","1","FC","68173","pval.c_gen_prios.c","FC:snprintf","136","76","6d40d490d5ddf35752c78e5e3d5f8662b9355c13e3dad64fce5f234fa6c39759","19b32e5e5a14da7196c829425d80c79360ddd64b399bcffb17d8ce14cb210664","5099","1"
"49371","946ae790752fe9e9673ad4a65eb07cd7bddaf19cbb9aa63834e6a96a3c8a0e70","92556","1","0","0","1","PU","68174","pval.c_gen_prios.c","PU","137","75","35b004e2a7ed59ebfa2f4dfc8791f5a0b016d3be89bd587dae0a69e1daccef4e","9792b4a2752af2917d2671ffc5d17436dfb3b7ecbce88f29e817c1af3ae8fc07","4907","1"
"49372","bbf8112269e0b42ea6efc2213e6b0fc6f7d5569dacaf2ad3beafa737621b923a","92557","1","0","0","1","PU","68175","pval.c_gen_prios.c","PU","138","75","d70fa11b4e64838fa214ab4e1931a5bf982884cbf0969251c2e69883354a6147","e41615cee741ba1ab39227adeb46574bfa0b2fa59ddc9a4254d83598e4f0eb07","4910","1"
"49373","f35b5f624f25cb219ae423c33e09cbfbaf92ea218137bab2729e16922e5f55b6","92558","1","0","0","1","FC","68176","pval.c_gen_prios.c","FC:strdup","139","79","6d40d490d5ddf35752c78e5e3d5f8662b9355c13e3dad64fce5f234fa6c39759","19b32e5e5a14da7196c829425d80c79360ddd64b399bcffb17d8ce14cb210664","5099","1"
"49374","9e21e7d584a6e0bff6db6a1b0dcac9814140ac112d5b5ae40628247bc5372448","92559","1","0","0","1","FC","68177","pval.c_gen_prios.c","FC:strdup","140","80","6d40d490d5ddf35752c78e5e3d5f8662b9355c13e3dad64fce5f234fa6c39759","19b32e5e5a14da7196c829425d80c79360ddd64b399bcffb17d8ce14cb210664","5099","1"
"49375","f7970d2a84d9c5b3d39b96e9b739cf08ba9bb283d67893ce749ce5c51a24003b","92560","1","0","0","1","PU","68178","pval.c_gen_prios.c","PU","142","77","f309754b73f92fdb35c69a2d23c208683c44a59f5a50be154aaed7a586326380","59ee1372eea33da570c4b56c8c1c77d170106a8162d14cdcea225f56bae1300b","4895","1"
"49376","8f65d85ea27bb1f41255290aeee41c6a2d69155d9e8461c843f8e3d8329857ef","92561","1","0","0","1","PU","68179","pval.c_gen_prios.c","PU","147","80","f309754b73f92fdb35c69a2d23c208683c44a59f5a50be154aaed7a586326380","59ee1372eea33da570c4b56c8c1c77d170106a8162d14cdcea225f56bae1300b","4895","1"
"49377","81748a255bff27ec614de1c9245d8ffbccae0b2d9c02b775baaa0933add353d8","92562","1","0","0","1","PU","68180","pval.c_gen_prios.c","PU","148","81","f309754b73f92fdb35c69a2d23c208683c44a59f5a50be154aaed7a586326380","59ee1372eea33da570c4b56c8c1c77d170106a8162d14cdcea225f56bae1300b","4895","1"
"49378","e50bbd47aa04289ed667f725f45396f3e82da565ae484b327a360081f0926091","92563","1","0","0","1","PU","68181","pval.c_gen_prios.c","PU","149","82","3e6ff8b2c0193fd9142561161d95da3e160bb1afe95707ace562e530597b6c3b","ea700c22bc84cd0b21589821cf418bbe4d786f4dfe6e1bf5f76b42ea00ae03a4","4903","1"
"49379","1a14872156e4dc7573c0d22a8af8f87f215b27a9160f915816fd0df148fafea2","92564","1","0","0","1","AE","68182","pval.c_gen_prios.c","AE","153","88","6d40d490d5ddf35752c78e5e3d5f8662b9355c13e3dad64fce5f234fa6c39759","19b32e5e5a14da7196c829425d80c79360ddd64b399bcffb17d8ce14cb210664","5099","1"
"49380","19543896a1947287203ca847b8e09c45e4313cc3bee440d34b53229aefb28917","92565","1","0","0","1","PU","68183","pval.c_gen_prios.c","PU","154","84","f309754b73f92fdb35c69a2d23c208683c44a59f5a50be154aaed7a586326380","59ee1372eea33da570c4b56c8c1c77d170106a8162d14cdcea225f56bae1300b","4895","1"
"49381","3366f1d2ed872ccad2bab9b927f53d893f3dada715c8d4933f99c42c8d7b925f","92566","1","0","0","1","PU","68184","pval.c_gen_prios.c","PU","155","85","f309754b73f92fdb35c69a2d23c208683c44a59f5a50be154aaed7a586326380","59ee1372eea33da570c4b56c8c1c77d170106a8162d14cdcea225f56bae1300b","4895","1"
"49382","9dd5e91de45ae30cf9cb2d07d6be09d7ae2123e738f529d993cf2954f04998c5","92567","1","0","0","1","FC","68185","pval.c_gen_prios.c","FC:snprintf","156","91","6d40d490d5ddf35752c78e5e3d5f8662b9355c13e3dad64fce5f234fa6c39759","19b32e5e5a14da7196c829425d80c79360ddd64b399bcffb17d8ce14cb210664","5099","1"
"49383","f24754178d61d320f9692878b0510b75be5f95e55a35f162df119ed6f0dd8af3","92568","1","0","0","1","PU","68186","pval.c_gen_prios.c","PU","162","92","f309754b73f92fdb35c69a2d23c208683c44a59f5a50be154aaed7a586326380","59ee1372eea33da570c4b56c8c1c77d170106a8162d14cdcea225f56bae1300b","4895","1"
"49384","d277a11da99dbf12ca14eea05425f12a11eed24d3b2bf7961308210c9196d328","92569","1","0","0","1","PU","68187","pval.c_gen_prios.c","PU","163","93","f309754b73f92fdb35c69a2d23c208683c44a59f5a50be154aaed7a586326380","59ee1372eea33da570c4b56c8c1c77d170106a8162d14cdcea225f56bae1300b","4895","1"
"49385","78083a91cab2147897192e92f6f4b9d027dc87b066fa241133ceaa9e5f9f0ad8","92570","1","0","0","1","PU","68188","pval.c_gen_prios.c","PU","164","94","f309754b73f92fdb35c69a2d23c208683c44a59f5a50be154aaed7a586326380","59ee1372eea33da570c4b56c8c1c77d170106a8162d14cdcea225f56bae1300b","4895","1"
"49386","0aa0110eca66472f9a3b479c397c475c76c967de88a30a88390deb88eb2b0351","92571","1","0","0","1","PU","68189","pval.c_gen_prios.c","PU","165","95","f309754b73f92fdb35c69a2d23c208683c44a59f5a50be154aaed7a586326380","59ee1372eea33da570c4b56c8c1c77d170106a8162d14cdcea225f56bae1300b","4895","1"
"49387","c75acf5c54ca69420f193f5d305975b063b5b483297ca7d843255492977619d7","92572","1","0","0","1","PU","68190","pval.c_gen_prios.c","PU","166","96","f309754b73f92fdb35c69a2d23c208683c44a59f5a50be154aaed7a586326380","59ee1372eea33da570c4b56c8c1c77d170106a8162d14cdcea225f56bae1300b","4895","1"
"49388","7eeb936cf9bef1cfb62a909bb1970d5dac459d5c048dc2be5cca37d8cf381bfd","92573","1","0","0","1","PU","68191","pval.c_gen_prios.c","PU","167","97","f309754b73f92fdb35c69a2d23c208683c44a59f5a50be154aaed7a586326380","59ee1372eea33da570c4b56c8c1c77d170106a8162d14cdcea225f56bae1300b","4895","1"
"49389","0cc8ed1e9c3bc46d90a9403b2eccaaeb9ea012dbfad1919187f9f8550dd66805","92574","1","0","0","1","FC","68192","pval.c_gen_prios.c","FC:strdup","168","103","6d40d490d5ddf35752c78e5e3d5f8662b9355c13e3dad64fce5f234fa6c39759","19b32e5e5a14da7196c829425d80c79360ddd64b399bcffb17d8ce14cb210664","5099","1"
"49390","edf4d4392d014961a0a92522f823a425dc8aa0dfd2a73faf679895146777c3ad","92575","1","0","0","1","FC","68193","pval.c_gen_prios.c","FC:strcpy","169","104","6d40d490d5ddf35752c78e5e3d5f8662b9355c13e3dad64fce5f234fa6c39759","19b32e5e5a14da7196c829425d80c79360ddd64b399bcffb17d8ce14cb210664","5099","1"
"49391","27a4cf1a02da990eb74b30258af73456575b97841a005141176f6bd0863f80bb","92576","1","0","0","1","PU","68194","pval.c_gen_prios.c","PU","173","103","f309754b73f92fdb35c69a2d23c208683c44a59f5a50be154aaed7a586326380","59ee1372eea33da570c4b56c8c1c77d170106a8162d14cdcea225f56bae1300b","4895","1"
"49392","2c4d6b9428e05b19a861dcacbb075f360a6f751ec362733ed8cc9b64e5266db8","92577","1","0","0","1","PU","68195","pval.c_gen_prios.c","PU","174","104","9ad3dc8ec0a5d9fa22cfbd31c48c59ded225aa4b66868bba20acd104aff3241b","e6fc74cf7221e40fb8e8aeba0fa31b17155f0b6fcd0f6d4c9256cb1c9d93bd7b","4904","1"
"49393","bb71c94af7f7edbd476998f897b334c46690b6b71a5d0442af6e121256dc9af6","92578","1","0","0","1","FC","68196","pval.c_gen_prios.c","FC:strcat","175","110","6d40d490d5ddf35752c78e5e3d5f8662b9355c13e3dad64fce5f234fa6c39759","19b32e5e5a14da7196c829425d80c79360ddd64b399bcffb17d8ce14cb210664","5099","1"
"49394","aa0bfd89b1772f481072ca7726a962b4efb550a7f740e79340471271ca3eda95","92579","1","0","0","1","FC","68197","pval.c_gen_prios.c","FC:strncat","176","111","6d40d490d5ddf35752c78e5e3d5f8662b9355c13e3dad64fce5f234fa6c39759","19b32e5e5a14da7196c829425d80c79360ddd64b399bcffb17d8ce14cb210664","5099","1"
"49395","8c9eac2fa556355c122bba90da8dddd8d7563328bee15b571809d41ce7bada2c","92580","1","0","0","1","FC","68198","pval.c_gen_prios.c","FC:strcat","177","112","6d40d490d5ddf35752c78e5e3d5f8662b9355c13e3dad64fce5f234fa6c39759","19b32e5e5a14da7196c829425d80c79360ddd64b399bcffb17d8ce14cb210664","5099","1"
"49396","a06b49bacbaa0f0c14a67a8305a3cf5126f6f777124a558356baf25a3564446d","92581","1","0","0","1","FC","68199","pval.c_gen_prios.c","FC:strdup","178","113","6d40d490d5ddf35752c78e5e3d5f8662b9355c13e3dad64fce5f234fa6c39759","19b32e5e5a14da7196c829425d80c79360ddd64b399bcffb17d8ce14cb210664","5099","1"
"49397","d91834582c665bbefd556229327021897b6a8637257afc31f9918713b8bb9165","92582","1","0","0","1","PU","68200","pval.c_gen_prios.c","PU","180","108","f309754b73f92fdb35c69a2d23c208683c44a59f5a50be154aaed7a586326380","59ee1372eea33da570c4b56c8c1c77d170106a8162d14cdcea225f56bae1300b","4895","1"
"49398","1c05c36f71ce9f1c71985c08c3c047084bb49c48ced16f39fd8ff329a981beaa","92583","1","0","0","1","PU","68201","pval.c_gen_prios.c","PU","181","115","6d40d490d5ddf35752c78e5e3d5f8662b9355c13e3dad64fce5f234fa6c39759","19b32e5e5a14da7196c829425d80c79360ddd64b399bcffb17d8ce14cb210664","5099","1"
"49399","7292ec1cc14d6f028d38760e296057ed262109cdf629d36174748adb3add193b","92584","1","0","0","1","AE","68202","pval.c_gen_prios.c","AE","182","116","6d40d490d5ddf35752c78e5e3d5f8662b9355c13e3dad64fce5f234fa6c39759","19b32e5e5a14da7196c829425d80c79360ddd64b399bcffb17d8ce14cb210664","5099","1"
"49400","c897a65a7d61da196da0dfa015594475bf340bb41b237ded370d094de4e76ee3","92585","1","0","0","1","PU","68203","pval.c_gen_prios.c","PU","183","111","f309754b73f92fdb35c69a2d23c208683c44a59f5a50be154aaed7a586326380","59ee1372eea33da570c4b56c8c1c77d170106a8162d14cdcea225f56bae1300b","4895","1"
"49401","bf6f9c72438e7d2f6f7dea4579155a9415c9d194d958b3ffcda39b3cc633517b","92586","1","0","0","1","AE","68204","pval.c_gen_prios.c","AE","184","112","f309754b73f92fdb35c69a2d23c208683c44a59f5a50be154aaed7a586326380","59ee1372eea33da570c4b56c8c1c77d170106a8162d14cdcea225f56bae1300b","4895","1"
"49402","006c3c908269b7256dbe4718b7b91b68e9bd19f48250e3bfd727730668c1870c","92587","1","0","0","1","PU","68205","pval.c_gen_prios.c","PU","185","119","6d40d490d5ddf35752c78e5e3d5f8662b9355c13e3dad64fce5f234fa6c39759","19b32e5e5a14da7196c829425d80c79360ddd64b399bcffb17d8ce14cb210664","5099","1"
"49403","1ffaa744adcb80aaa09d0deb76d714b35ef10251b7ab5b6564d82bf525b20d9f","92588","1","0","0","1","AE","68206","pval.c_gen_prios.c","AE","186","120","6d40d490d5ddf35752c78e5e3d5f8662b9355c13e3dad64fce5f234fa6c39759","19b32e5e5a14da7196c829425d80c79360ddd64b399bcffb17d8ce14cb210664","5099","1"
"49404","7aa8ad9479f80b0174e3533354a2328fdf79242501dfbdc1ca916107c50948df","92589","1","0","0","1","FC","68207","pval.c_gen_prios.c","FC:strcpy","187","121","6d40d490d5ddf35752c78e5e3d5f8662b9355c13e3dad64fce5f234fa6c39759","19b32e5e5a14da7196c829425d80c79360ddd64b399bcffb17d8ce14cb210664","5099","1"
"49405","f538ba86e97bf543c3abb8710fe01db45ec3d32cffadd311f087810c8cee613e","92590","1","0","0","1","PU","68208","pval.c_gen_prios.c","PU","190","118","f309754b73f92fdb35c69a2d23c208683c44a59f5a50be154aaed7a586326380","59ee1372eea33da570c4b56c8c1c77d170106a8162d14cdcea225f56bae1300b","4895","1"
"49406","7edbfd79f43cf70de48d6f03dd698004214aa5d6d52bbd7300b3744e778b1679","92591","1","0","0","1","PU","68209","pval.c_gen_prios.c","PU","193","120","f309754b73f92fdb35c69a2d23c208683c44a59f5a50be154aaed7a586326380","59ee1372eea33da570c4b56c8c1c77d170106a8162d14cdcea225f56bae1300b","4895","1"
"49407","eb55f32189e0789d2e2830b226774c77f42bd7afe69d24e3007be7769e0ba5f2","92592","1","0","0","1","PU","68210","pval.c_gen_prios.c","PU","197","123","f309754b73f92fdb35c69a2d23c208683c44a59f5a50be154aaed7a586326380","59ee1372eea33da570c4b56c8c1c77d170106a8162d14cdcea225f56bae1300b","4895","1"
"49408","bdd57e9ccbdd83f106c668b4178dbab497c62016a994e47a1e49f32cf72e9cae","92593","1","0","0","1","FC","68211","pval.c_gen_prios.c","FC:strdup","198","130","6d40d490d5ddf35752c78e5e3d5f8662b9355c13e3dad64fce5f234fa6c39759","19b32e5e5a14da7196c829425d80c79360ddd64b399bcffb17d8ce14cb210664","5099","1"
"49409","c342faa151fe6f770dfd540e1cabbf468b4d145c6477d070cbae565a28ecd67b","92594","1","0","0","1","FC","68212","pval.c_gen_prios.c","FC:free","199","125","7da9bd97cabb1a2dcadd79be4af4ec8a3aeb78605c43caab0d77857618d6c960","83c220c16181d430d71a6c53a828728f7fada0cd565ed084d3a081e631dca3c9","4902","1"
"49410","2291bbcb3889bb649e887bca2cb85df874cb74a4523a617b43e9a7798c08f998","92595","1","0","0","1","FC","68213","pval.c_gen_prios.c","FC:strdup","200","132","6d40d490d5ddf35752c78e5e3d5f8662b9355c13e3dad64fce5f234fa6c39759","19b32e5e5a14da7196c829425d80c79360ddd64b399bcffb17d8ce14cb210664","5099","1"
"49411","4b7c65f7fa1b85ba16b07d1c750236e7f77bf7a3dc20af3061da9dc84c6b3047","92596","1","0","0","1","FC","68214","pval.c_gen_prios.c","FC:strcpy","203","133","6d40d490d5ddf35752c78e5e3d5f8662b9355c13e3dad64fce5f234fa6c39759","19b32e5e5a14da7196c829425d80c79360ddd64b399bcffb17d8ce14cb210664","5099","1"
"49412","c06893b551c306f77289319353a75e17a8d57dd471c3e727d22431e5b92c7de6","92597","1","0","0","1","PU","68215","pval.c_gen_prios.c","PU","206","129","f309754b73f92fdb35c69a2d23c208683c44a59f5a50be154aaed7a586326380","59ee1372eea33da570c4b56c8c1c77d170106a8162d14cdcea225f56bae1300b","4895","1"
"49413","7575b97a8a405215db322c57fc3bd7d5e36d7d2e6fb242bf77bceda77c17531c","92598","1","0","0","1","FC","68216","pval.c_gen_prios.c","FC:free","207","130","d5210a5754516491d83c6b12ea30350f3f2c66b5ad879ad25f6861c7b5fe696c","2140dfb5c9739aa18ecf4dba7375e2ecec920c72f54e96245bc74e23c4a3959e","4902","1"
"49414","d26b0e9ec28df959d011a8cb37ccb3c78972920d389f251251f44724e0588681","92599","1","0","0","1","FC","68217","pval.c_gen_prios.c","FC:strdup","208","138","6d40d490d5ddf35752c78e5e3d5f8662b9355c13e3dad64fce5f234fa6c39759","19b32e5e5a14da7196c829425d80c79360ddd64b399bcffb17d8ce14cb210664","5099","1"
"49415","226f7080e16c0ffcaeba27ecfaee393661ba83335964e1a5a6dacf5022aefafa","92600","1","0","0","1","FC","68218","pval.c_gen_prios.c","FC:strdup","209","139","6d40d490d5ddf35752c78e5e3d5f8662b9355c13e3dad64fce5f234fa6c39759","19b32e5e5a14da7196c829425d80c79360ddd64b399bcffb17d8ce14cb210664","5099","1"
"49416","ff8cf8a3b8ed47b99a93812ae661d6346bacb8f4c83d0b82509214e5b2cbd07c","92601","1","0","0","1","PU","68219","pval.c_gen_prios.c","PU","210","132","f309754b73f92fdb35c69a2d23c208683c44a59f5a50be154aaed7a586326380","59ee1372eea33da570c4b56c8c1c77d170106a8162d14cdcea225f56bae1300b","4895","1"
"49417","69baf729a0d604e608064391ba48e5165a16f3c1d303dff137dca633bc8480b9","92602","1","0","0","1","PU","68220","pval.c_gen_prios.c","PU","212","134","f309754b73f92fdb35c69a2d23c208683c44a59f5a50be154aaed7a586326380","59ee1372eea33da570c4b56c8c1c77d170106a8162d14cdcea225f56bae1300b","4895","1"
"49418","1af6e3a11ba19c6698a664e7ca493345adfdcdc04ef1d410732ad70857fbc6ec","92603","1","0","0","1","FC","68221","pval.c_gen_prios.c","FC:strcpy","216","143","6d40d490d5ddf35752c78e5e3d5f8662b9355c13e3dad64fce5f234fa6c39759","19b32e5e5a14da7196c829425d80c79360ddd64b399bcffb17d8ce14cb210664","5099","1"
"49419","3b8680c985e15af9ea85df9f84d5c95c7db2dd8c84efd4cce7fd408445f556f3","92604","1","0","0","1","PU","68222","pval.c_gen_prios.c","PU","220","139","f309754b73f92fdb35c69a2d23c208683c44a59f5a50be154aaed7a586326380","59ee1372eea33da570c4b56c8c1c77d170106a8162d14cdcea225f56bae1300b","4895","1"
"49420","28030a2e4b277d8be8eadcfbe0d4ca195488356313a537812e598d4597918785","92605","1","0","0","1","PU","68223","pval.c_gen_prios.c","PU","221","140","bd6f8e751537eaf638e06668f34cc9435e7d20ce03d4acd1332462d2765b6abf","30e901b6fa238dbc9fe4ae1622422b908785ac41938e1ba5f3d41d798289c126","4904","1"
"49421","6d8ad78d8fce6263e3a5f2dd8775aec1444caae41e54faa96145a2d527e827ad","92606","1","0","0","1","FC","68224","pval.c_gen_prios.c","FC:strcat","222","149","6d40d490d5ddf35752c78e5e3d5f8662b9355c13e3dad64fce5f234fa6c39759","19b32e5e5a14da7196c829425d80c79360ddd64b399bcffb17d8ce14cb210664","5099","1"
"49422","a965fa2453b17a26f5ef1fc400c1a6eaa2eea0ee1a3d0e691f0cd8419a95f6e6","92607","1","0","0","1","FC","68225","pval.c_gen_prios.c","FC:strncat","223","150","6d40d490d5ddf35752c78e5e3d5f8662b9355c13e3dad64fce5f234fa6c39759","19b32e5e5a14da7196c829425d80c79360ddd64b399bcffb17d8ce14cb210664","5099","1"
"49423","e288fab64cdc037600cb88ef0d0235d3db710cbbb6a63a90917f2b6bc280e628","92608","1","0","0","1","FC","68226","pval.c_gen_prios.c","FC:strcat","224","151","6d40d490d5ddf35752c78e5e3d5f8662b9355c13e3dad64fce5f234fa6c39759","19b32e5e5a14da7196c829425d80c79360ddd64b399bcffb17d8ce14cb210664","5099","1"
"49424","dd9c1fc4c759d93814acd7bc38973427eeb34a2bc1739fd706e53353ddddf1d4","92609","1","0","0","1","FC","68227","pval.c_gen_prios.c","FC:strdup","225","152","6d40d490d5ddf35752c78e5e3d5f8662b9355c13e3dad64fce5f234fa6c39759","19b32e5e5a14da7196c829425d80c79360ddd64b399bcffb17d8ce14cb210664","5099","1"
"49425","0fc9b92f9aea18f30fbdeb64c5bd8032fa0d754273c23714544e3bdeac13955f","92610","1","0","0","1","FC","68228","pval.c_gen_prios.c","FC:strdup","226","153","6d40d490d5ddf35752c78e5e3d5f8662b9355c13e3dad64fce5f234fa6c39759","19b32e5e5a14da7196c829425d80c79360ddd64b399bcffb17d8ce14cb210664","5099","1"
"49426","3ebcd8517170cd05804281b3e22189b65294f42ad7e26e45928ea7276d31e5b3","92611","1","0","0","1","PU","68229","pval.c_gen_prios.c","PU","228","145","f309754b73f92fdb35c69a2d23c208683c44a59f5a50be154aaed7a586326380","59ee1372eea33da570c4b56c8c1c77d170106a8162d14cdcea225f56bae1300b","4895","1"
"49427","de8c9a90be8b7acdb2e3cc364dbfb29434ba659b23e841f8a9cdf22541d1b5aa","92612","1","0","0","1","PU","68230","pval.c_gen_prios.c","PU","229","155","6d40d490d5ddf35752c78e5e3d5f8662b9355c13e3dad64fce5f234fa6c39759","19b32e5e5a14da7196c829425d80c79360ddd64b399bcffb17d8ce14cb210664","5099","1"
"49428","0c683c4cbaa36e96a717079d5e6751509e6db3389a3b8c7fcbab21be3686e66d","92613","1","0","0","1","AE","68231","pval.c_gen_prios.c","AE","230","156","6d40d490d5ddf35752c78e5e3d5f8662b9355c13e3dad64fce5f234fa6c39759","19b32e5e5a14da7196c829425d80c79360ddd64b399bcffb17d8ce14cb210664","5099","1"
"49429","8340daafdb492c46d23228a92a44beef7c24c01ca099aad4a11f1d44355ea4ff","92614","1","0","0","1","PU","68232","pval.c_gen_prios.c","PU","231","148","f309754b73f92fdb35c69a2d23c208683c44a59f5a50be154aaed7a586326380","59ee1372eea33da570c4b56c8c1c77d170106a8162d14cdcea225f56bae1300b","4895","1"
"49430","6487d20dabc9071d22399e990e97fa89ffee5438069d35eec5e694356f2ee8f7","92615","1","0","0","1","AE","68233","pval.c_gen_prios.c","AE","232","149","f309754b73f92fdb35c69a2d23c208683c44a59f5a50be154aaed7a586326380","59ee1372eea33da570c4b56c8c1c77d170106a8162d14cdcea225f56bae1300b","4895","1"
"49431","98ddda47d3cfac2389b0bfcc02b5b0e9038ea67e25a3b7b2b516e03d252b7e09","92616","1","0","0","1","PU","68234","pval.c_gen_prios.c","PU","233","159","6d40d490d5ddf35752c78e5e3d5f8662b9355c13e3dad64fce5f234fa6c39759","19b32e5e5a14da7196c829425d80c79360ddd64b399bcffb17d8ce14cb210664","5099","1"
"49432","dc1b55bfcf8f7a20b8512e1983a574ca35f28add7ce9985fa4e604b6c5824c6e","92617","1","0","0","1","AE","68235","pval.c_gen_prios.c","AE","234","160","6d40d490d5ddf35752c78e5e3d5f8662b9355c13e3dad64fce5f234fa6c39759","19b32e5e5a14da7196c829425d80c79360ddd64b399bcffb17d8ce14cb210664","5099","1"
"49433","02ae1531ad8ae127fb121705206d63f2e935063d82164c9fac65dcb9a230e44d","92618","1","0","0","1","FC","68236","pval.c_gen_prios.c","FC:strcpy","235","161","6d40d490d5ddf35752c78e5e3d5f8662b9355c13e3dad64fce5f234fa6c39759","19b32e5e5a14da7196c829425d80c79360ddd64b399bcffb17d8ce14cb210664","5099","1"
"49434","607444b8a62b3082a03e8f28090877eb6275860c88107da1ad824a8dbb665649","92619","1","0","0","1","PU","68237","pval.c_gen_prios.c","PU","238","155","f309754b73f92fdb35c69a2d23c208683c44a59f5a50be154aaed7a586326380","59ee1372eea33da570c4b56c8c1c77d170106a8162d14cdcea225f56bae1300b","4895","1"
"49435","5aa8a19650ee2b33a2622d6b993f990b448fbd4251d423e000cbef3171d9f8b8","92620","1","0","0","1","PU","68238","pval.c_gen_prios.c","PU","242","158","f309754b73f92fdb35c69a2d23c208683c44a59f5a50be154aaed7a586326380","59ee1372eea33da570c4b56c8c1c77d170106a8162d14cdcea225f56bae1300b","4895","1"
"49436","13c4c0e7622dfbc6607226db4cad76bd7e4d2b3fb90f1d4ce52c13eef9f35a51","92621","1","0","0","1","FC","68239","pval.c_gen_prios.c","FC:strdup","243","168","6d40d490d5ddf35752c78e5e3d5f8662b9355c13e3dad64fce5f234fa6c39759","19b32e5e5a14da7196c829425d80c79360ddd64b399bcffb17d8ce14cb210664","5099","1"
"49437","de1f464e68368de584d47bb01f3917ea4ac682866d36e040c65b8b16db4529ce","92622","1","0","0","1","FC","68240","pval.c_gen_prios.c","FC:strdup","244","169","6d40d490d5ddf35752c78e5e3d5f8662b9355c13e3dad64fce5f234fa6c39759","19b32e5e5a14da7196c829425d80c79360ddd64b399bcffb17d8ce14cb210664","5099","1"
"49438","a1fe6d56c7d77c3ec206dce17cc5d0549382e37c159f360bd2b2212ce72526f2","92623","1","0","0","1","FC","68241","pval.c_gen_prios.c","FC:strcpy","247","170","6d40d490d5ddf35752c78e5e3d5f8662b9355c13e3dad64fce5f234fa6c39759","19b32e5e5a14da7196c829425d80c79360ddd64b399bcffb17d8ce14cb210664","5099","1"
"49439","dd2d05329677c453858e58fde3185cd84c64b1d91d757f66668ac404d3f5dfab","92624","1","0","0","1","PU","68242","pval.c_gen_prios.c","PU","250","164","f309754b73f92fdb35c69a2d23c208683c44a59f5a50be154aaed7a586326380","59ee1372eea33da570c4b56c8c1c77d170106a8162d14cdcea225f56bae1300b","4895","1"
"49440","4b7c614ca2fa02de1be8ced00c1d7039ca17116ba3bc1865831dc60bd80ffa56","92625","1","0","0","1","FC","68243","pval.c_gen_prios.c","FC:strdup","251","174","6d40d490d5ddf35752c78e5e3d5f8662b9355c13e3dad64fce5f234fa6c39759","19b32e5e5a14da7196c829425d80c79360ddd64b399bcffb17d8ce14cb210664","5099","1"
"49441","84ea1737a2aac06c1642305f28083db235136a22a483ee765042cbebf1e89436","92626","1","0","0","1","FC","68244","pval.c_gen_prios.c","FC:strdup","252","175","6d40d490d5ddf35752c78e5e3d5f8662b9355c13e3dad64fce5f234fa6c39759","19b32e5e5a14da7196c829425d80c79360ddd64b399bcffb17d8ce14cb210664","5099","1"
"49442","e1afe2650b4736deb5435164fc3b877b7d7a971e301b6c1c9b66bc878e071cbd","92627","1","0","0","1","PU","68245","pval.c_gen_prios.c","PU","253","167","f309754b73f92fdb35c69a2d23c208683c44a59f5a50be154aaed7a586326380","59ee1372eea33da570c4b56c8c1c77d170106a8162d14cdcea225f56bae1300b","4895","1"
"49443","e7149aaeb5043fa3143d7cb3b46020851187e3b36d124221a403dcc927940524","92628","1","0","0","1","PU","68246","pval.c_gen_prios.c","PU","255","169","f309754b73f92fdb35c69a2d23c208683c44a59f5a50be154aaed7a586326380","59ee1372eea33da570c4b56c8c1c77d170106a8162d14cdcea225f56bae1300b","4895","1"
"49444","dbf9b50f0ec623b51ef68778ccee514b0f38706281ad57d1a92559d759c333d7","92629","1","0","0","1","FC","68247","pval.c_gen_prios.c","FC:snprintf","259","179","6d40d490d5ddf35752c78e5e3d5f8662b9355c13e3dad64fce5f234fa6c39759","19b32e5e5a14da7196c829425d80c79360ddd64b399bcffb17d8ce14cb210664","5099","1"
"49445","8bf77c81e7d3bed929e16179efad5270daa623907a602aeac0120f8844e8b012","92630","1","0","0","1","PU","68248","pval.c_gen_prios.c","PU","260","171","f309754b73f92fdb35c69a2d23c208683c44a59f5a50be154aaed7a586326380","59ee1372eea33da570c4b56c8c1c77d170106a8162d14cdcea225f56bae1300b","4895","1"
"49446","efe380b1f93787359c46112aa1956362ba4a92c931aaff73ba8be35caa9104a4","92631","1","0","0","1","FC","68249","pval.c_gen_prios.c","FC:strdup","261","181","6d40d490d5ddf35752c78e5e3d5f8662b9355c13e3dad64fce5f234fa6c39759","19b32e5e5a14da7196c829425d80c79360ddd64b399bcffb17d8ce14cb210664","5099","1"
"49447","d3a511134d630474e5b4ae35f601b409b083020b71eec50fd44a50ee202ca644","92632","1","0","0","1","PU","68250","pval.c_gen_prios.c","PU","262","173","f309754b73f92fdb35c69a2d23c208683c44a59f5a50be154aaed7a586326380","59ee1372eea33da570c4b56c8c1c77d170106a8162d14cdcea225f56bae1300b","4895","1"
"49448","5f154fc88744816e1385e6218075773c17ffa1427fb748f604cdc0e575938b4b","92633","1","0","0","1","FC","68251","pval.c_gen_prios.c","FC:snprintf","263","183","6d40d490d5ddf35752c78e5e3d5f8662b9355c13e3dad64fce5f234fa6c39759","19b32e5e5a14da7196c829425d80c79360ddd64b399bcffb17d8ce14cb210664","5099","1"
"49449","a9addffe1796d3cbbdc432a03a92e2e876868bbb92e165d6a420a8d6c754853d","92634","1","0","0","1","FC","68252","pval.c_gen_prios.c","FC:strdup","264","184","6d40d490d5ddf35752c78e5e3d5f8662b9355c13e3dad64fce5f234fa6c39759","19b32e5e5a14da7196c829425d80c79360ddd64b399bcffb17d8ce14cb210664","5099","1"
"49450","08446a8da2436325a645505055bf2fd05c517d4631c4a3002d31e4bbca85fe24","92635","1","0","0","1","FC","68253","pval.c_gen_prios.c","FC:strdup","265","185","6d40d490d5ddf35752c78e5e3d5f8662b9355c13e3dad64fce5f234fa6c39759","19b32e5e5a14da7196c829425d80c79360ddd64b399bcffb17d8ce14cb210664","5099","1"
"49451","8afe7460cdf69e4966232a6a2de98a19f8e73a68599bfc98bdeb58c89a0ad591","92636","1","0","0","1","PU","68254","pval.c_gen_prios.c","PU","270","179","f309754b73f92fdb35c69a2d23c208683c44a59f5a50be154aaed7a586326380","59ee1372eea33da570c4b56c8c1c77d170106a8162d14cdcea225f56bae1300b","4895","1"
"49452","fd32979f945733e1ed9afd1a5ffa0cdd559b8dced2f7efef3dbb3bd71c3ee9c3","92637","1","0","0","1","PU","68255","pval.c_gen_prios.c","PU","271","180","f309754b73f92fdb35c69a2d23c208683c44a59f5a50be154aaed7a586326380","59ee1372eea33da570c4b56c8c1c77d170106a8162d14cdcea225f56bae1300b","4895","1"
"49453","8ce93ddf0109bde9458e3ff18d3b2287b2a43ee51c849b73501cbf674c0e08f4","92638","1","0","0","1","PU","68256","pval.c_gen_prios.c","PU","272","181","f309754b73f92fdb35c69a2d23c208683c44a59f5a50be154aaed7a586326380","59ee1372eea33da570c4b56c8c1c77d170106a8162d14cdcea225f56bae1300b","4895","1"
"49454","cfc1c102197cf15e0a63958cb46dbf194d48ae2b9660138e74fe32b12cd2d4ac","92639","1","0","0","1","PU","68257","pval.c_gen_prios.c","PU","278","185","f309754b73f92fdb35c69a2d23c208683c44a59f5a50be154aaed7a586326380","59ee1372eea33da570c4b56c8c1c77d170106a8162d14cdcea225f56bae1300b","4895","1"
"49455","033de9ea587a655e4a49e85914c5aff63dcca9e6f7cb681c7e203e58a406b10b","92640","1","0","0","1","PU","68258","pval.c_gen_prios.c","PU","279","186","f309754b73f92fdb35c69a2d23c208683c44a59f5a50be154aaed7a586326380","59ee1372eea33da570c4b56c8c1c77d170106a8162d14cdcea225f56bae1300b","4895","1"
"49456","5a5c51955d3982869ccd661d153e24890d0907034c8b5788406a2fe12ee0b01f","92641","1","0","0","1","PU","68259","pval.c_gen_prios.c","PU","280","187","f309754b73f92fdb35c69a2d23c208683c44a59f5a50be154aaed7a586326380","59ee1372eea33da570c4b56c8c1c77d170106a8162d14cdcea225f56bae1300b","4895","1"
"49457","baf0e41126ff0f523c645d3d6b5208e87618cdc282a1fa434252d46e21a6f0d9","92642","1","0","0","1","AE","68260","pval.c_gen_prios.c","AE","283","198","6d40d490d5ddf35752c78e5e3d5f8662b9355c13e3dad64fce5f234fa6c39759","19b32e5e5a14da7196c829425d80c79360ddd64b399bcffb17d8ce14cb210664","5099","1"
"49458","486175fd5fc2fd06593b491b854648c5140f32abf95da7d5d04cd68b30b41922","92643","1","0","0","1","PU","68261","pval.c_gen_prios.c","PU","284","189","f309754b73f92fdb35c69a2d23c208683c44a59f5a50be154aaed7a586326380","59ee1372eea33da570c4b56c8c1c77d170106a8162d14cdcea225f56bae1300b","4895","1"
"49459","5f1b907ae7b59d7539ceb11ef33dccfd88337cf2b426a91993162a6f874d9abc","92644","1","0","0","1","PU","68262","pval.c_gen_prios.c","PU","285","190","f309754b73f92fdb35c69a2d23c208683c44a59f5a50be154aaed7a586326380","59ee1372eea33da570c4b56c8c1c77d170106a8162d14cdcea225f56bae1300b","4895","1"
"49460","4cfc3e67ea5ed0d85d1d66231a1599bbb3bea30f291cfd4d31dbdf511cd36f9c","92645","1","0","0","1","FC","68263","pval.c_gen_prios.c","FC:snprintf","286","201","6d40d490d5ddf35752c78e5e3d5f8662b9355c13e3dad64fce5f234fa6c39759","19b32e5e5a14da7196c829425d80c79360ddd64b399bcffb17d8ce14cb210664","5099","1"
"49461","a8581105e5187af7f9257821f8360b595646477bf0b6bef31228f3bd62d32329","92646","1","0","0","1","PU","68264","pval.c_gen_prios.c","PU","290","195","f309754b73f92fdb35c69a2d23c208683c44a59f5a50be154aaed7a586326380","59ee1372eea33da570c4b56c8c1c77d170106a8162d14cdcea225f56bae1300b","4895","1"
"49462","a750a0606f74b0c205900f72c318245537475b3466bb22a8dd1fa8cc43af984b","92647","1","0","0","1","PU","68265","pval.c_gen_prios.c","PU","291","196","f309754b73f92fdb35c69a2d23c208683c44a59f5a50be154aaed7a586326380","59ee1372eea33da570c4b56c8c1c77d170106a8162d14cdcea225f56bae1300b","4895","1"
"49463","8f9805123dc6ebf063b6572619abaf66f7253d5ed46a8a8d8b01f9307e6791ad","92648","1","0","0","1","PU","68266","pval.c_gen_prios.c","PU","292","197","f309754b73f92fdb35c69a2d23c208683c44a59f5a50be154aaed7a586326380","59ee1372eea33da570c4b56c8c1c77d170106a8162d14cdcea225f56bae1300b","4895","1"
"49464","3082e185953771e2840cffaf8b7f59ccd6df586974fc8c902efdd02f0aa1f021","92649","1","0","0","1","PU","68267","pval.c_gen_prios.c","PU","293","198","f309754b73f92fdb35c69a2d23c208683c44a59f5a50be154aaed7a586326380","59ee1372eea33da570c4b56c8c1c77d170106a8162d14cdcea225f56bae1300b","4895","1"
"49465","bde36534da4df588893647202a5ec3972fff9bd5e807542668c6054f38db808d","92650","1","0","0","1","FC","68268","pval.c_gen_prios.c","FC:snprintf","294","209","6d40d490d5ddf35752c78e5e3d5f8662b9355c13e3dad64fce5f234fa6c39759","19b32e5e5a14da7196c829425d80c79360ddd64b399bcffb17d8ce14cb210664","5099","1"
"49466","d1ce9c6d0746797d91a5e5044a10c37b33df3da0546d1aea786967ee4abb8243","92651","1","0","0","1","PU","68269","pval.c_gen_prios.c","PU","295","200","f309754b73f92fdb35c69a2d23c208683c44a59f5a50be154aaed7a586326380","59ee1372eea33da570c4b56c8c1c77d170106a8162d14cdcea225f56bae1300b","4895","1"
"49467","566c0aba93ae0106432f0f7e0bb5f935f6dc9c244c1741572fc9d9cef37cb9dd","92652","1","0","0","1","FC","68270","pval.c_gen_prios.c","FC:strdup","296","211","6d40d490d5ddf35752c78e5e3d5f8662b9355c13e3dad64fce5f234fa6c39759","19b32e5e5a14da7196c829425d80c79360ddd64b399bcffb17d8ce14cb210664","5099","1"
"49468","d507d72a5a58d8aa81af79857c33983ba882418d638104fe4a6af86f49c75bd2","92653","1","0","0","1","PU","68271","pval.c_gen_prios.c","PU","297","202","f309754b73f92fdb35c69a2d23c208683c44a59f5a50be154aaed7a586326380","59ee1372eea33da570c4b56c8c1c77d170106a8162d14cdcea225f56bae1300b","4895","1"
"49469","bd7c40f5a9450e8acfd450bcb9878319e424d0888a4f0f147f7ded847ffa21d9","92654","1","0","0","1","FC","68272","pval.c_gen_prios.c","FC:snprintf","298","213","6d40d490d5ddf35752c78e5e3d5f8662b9355c13e3dad64fce5f234fa6c39759","19b32e5e5a14da7196c829425d80c79360ddd64b399bcffb17d8ce14cb210664","5099","1"
"49470","afee76edc4887c9258c5fe12fe5368f3c9a60bbed41014b42a246ed63f1bd0e6","92655","1","0","0","1","FC","68273","pval.c_gen_prios.c","FC:strdup","299","214","6d40d490d5ddf35752c78e5e3d5f8662b9355c13e3dad64fce5f234fa6c39759","19b32e5e5a14da7196c829425d80c79360ddd64b399bcffb17d8ce14cb210664","5099","1"
"49471","9d7c1482e161c4323068fe930b3433153c0a64ca4b3765ea46a657e72a584ffa","92656","1","0","0","1","FC","68274","pval.c_gen_prios.c","FC:strdup","300","215","6d40d490d5ddf35752c78e5e3d5f8662b9355c13e3dad64fce5f234fa6c39759","19b32e5e5a14da7196c829425d80c79360ddd64b399bcffb17d8ce14cb210664","5099","1"
"49472","7320d508958f9332063c3327a6b00079c3afff340040b2097abc160ddfe713fc","92657","1","0","0","1","PU","68275","pval.c_gen_prios.c","PU","303","207","f309754b73f92fdb35c69a2d23c208683c44a59f5a50be154aaed7a586326380","59ee1372eea33da570c4b56c8c1c77d170106a8162d14cdcea225f56bae1300b","4895","1"
"49473","7ddce7c7a90cf4b087584e6ddd4753f2055c7518ce7a333027f22cce59e52a93","92658","1","0","0","1","PU","68276","pval.c_gen_prios.c","PU","304","208","f309754b73f92fdb35c69a2d23c208683c44a59f5a50be154aaed7a586326380","59ee1372eea33da570c4b56c8c1c77d170106a8162d14cdcea225f56bae1300b","4895","1"
"49474","dc077b80914af35945da717e689c9c463784b07c40b4cd5e305cb1215d1ff644","92659","1","0","0","1","PU","68277","pval.c_gen_prios.c","PU","305","209","f309754b73f92fdb35c69a2d23c208683c44a59f5a50be154aaed7a586326380","59ee1372eea33da570c4b56c8c1c77d170106a8162d14cdcea225f56bae1300b","4895","1"
"49475","bd042a01e2cfb7eb1802becfce4845c3c77ab9e6c70b7fb47eb5b9be8e5d5904","92660","1","0","0","1","PU","68278","pval.c_gen_prios.c","PU","310","212","f309754b73f92fdb35c69a2d23c208683c44a59f5a50be154aaed7a586326380","59ee1372eea33da570c4b56c8c1c77d170106a8162d14cdcea225f56bae1300b","4895","1"
"49476","32b8b309a60f6c971dee4e0400ea88244538f64842f4252dcd50b95c3a42b787","92661","1","0","0","1","PU","68279","pval.c_gen_prios.c","PU","311","213","f309754b73f92fdb35c69a2d23c208683c44a59f5a50be154aaed7a586326380","59ee1372eea33da570c4b56c8c1c77d170106a8162d14cdcea225f56bae1300b","4895","1"
"49477","9e38f1fe6d4aea2627e79483d161b760d46936479f85753759585331c2ce181a","92662","1","0","0","1","PU","68280","pval.c_gen_prios.c","PU","312","214","f309754b73f92fdb35c69a2d23c208683c44a59f5a50be154aaed7a586326380","59ee1372eea33da570c4b56c8c1c77d170106a8162d14cdcea225f56bae1300b","4895","1"
"49478","d284a8c6ba055d8a02ee0f2edf89c5a576e87bf02b8467c9a63eb6e2f7f015d1","92663","1","0","0","1","AE","68281","pval.c_gen_prios.c","AE","315","226","6d40d490d5ddf35752c78e5e3d5f8662b9355c13e3dad64fce5f234fa6c39759","19b32e5e5a14da7196c829425d80c79360ddd64b399bcffb17d8ce14cb210664","5099","1"
"49479","63c1864cfc6a8876d042b2d726e256cac406ef8a642c6562a9aac24eee25b4a5","92664","1","0","0","1","PU","68282","pval.c_gen_prios.c","PU","317","217","f309754b73f92fdb35c69a2d23c208683c44a59f5a50be154aaed7a586326380","59ee1372eea33da570c4b56c8c1c77d170106a8162d14cdcea225f56bae1300b","4895","1"
"49480","527bc33da37bdb468da6b2f0a93e30b68a9a60507d6bd3a328cae676ef127415","92665","1","0","0","1","PU","68283","pval.c_gen_prios.c","PU","318","218","f309754b73f92fdb35c69a2d23c208683c44a59f5a50be154aaed7a586326380","59ee1372eea33da570c4b56c8c1c77d170106a8162d14cdcea225f56bae1300b","4895","1"
"49481","ae85aab8e4c04cf54e5068db558c0f18d9279f1920ed11fda52718e189d8c953","92666","1","0","0","1","FC","68284","pval.c_gen_prios.c","FC:snprintf","319","230","6d40d490d5ddf35752c78e5e3d5f8662b9355c13e3dad64fce5f234fa6c39759","19b32e5e5a14da7196c829425d80c79360ddd64b399bcffb17d8ce14cb210664","5099","1"
"49482","eea41f14ef703bb44c79af9a7eb373ff51d1d6438ba2701ff56432b9a4be4b0b","92667","1","0","0","1","PU","68285","pval.c_gen_prios.c","PU","322","222","f309754b73f92fdb35c69a2d23c208683c44a59f5a50be154aaed7a586326380","59ee1372eea33da570c4b56c8c1c77d170106a8162d14cdcea225f56bae1300b","4895","1"
"49483","28315fecf9a719ec0a2b77adcd5bd09f9901f06d5709be1a0241d8b445b7d57a","92668","1","0","0","1","PU","68286","pval.c_gen_prios.c","PU","323","223","f309754b73f92fdb35c69a2d23c208683c44a59f5a50be154aaed7a586326380","59ee1372eea33da570c4b56c8c1c77d170106a8162d14cdcea225f56bae1300b","4895","1"
"49484","97de01e04e306b49fb7a18e7032c24d63bb2a6ff91b65cf24ce3ddf9cb101e20","92669","1","0","0","1","FC","68287","pval.c_gen_prios.c","FC:snprintf","324","235","6d40d490d5ddf35752c78e5e3d5f8662b9355c13e3dad64fce5f234fa6c39759","19b32e5e5a14da7196c829425d80c79360ddd64b399bcffb17d8ce14cb210664","5099","1"
"49485","3ca6ee0d55451fdc18dbfaaf906a5c8c6ef8b45721a0345dda3515ff190d82b2","92670","1","0","0","1","FC","68288","pval.c_gen_prios.c","FC:strdup","325","236","6d40d490d5ddf35752c78e5e3d5f8662b9355c13e3dad64fce5f234fa6c39759","19b32e5e5a14da7196c829425d80c79360ddd64b399bcffb17d8ce14cb210664","5099","1"
"49486","788320ccb2f542e5a5de3ad7a882e539f703e9016de911b987f69f7edbf959e1","92671","1","0","0","1","FC","68289","pval.c_gen_prios.c","FC:strdup","326","237","6d40d490d5ddf35752c78e5e3d5f8662b9355c13e3dad64fce5f234fa6c39759","19b32e5e5a14da7196c829425d80c79360ddd64b399bcffb17d8ce14cb210664","5099","1"
"49487","6f05272974d8b8a7d9651a074dc626676877f580563e7ffd2a48992b93f01c0a","92672","1","0","0","1","FC","68290","pval.c_gen_prios.c","FC:snprintf","327","238","6d40d490d5ddf35752c78e5e3d5f8662b9355c13e3dad64fce5f234fa6c39759","19b32e5e5a14da7196c829425d80c79360ddd64b399bcffb17d8ce14cb210664","5099","1"
"49488","4465899fced5c78b34a2b43b83243bd1d6e2281a253cdda021fef17bf4811128","92673","1","0","0","1","FC","68291","pval.c_gen_prios.c","FC:strdup","328","239","6d40d490d5ddf35752c78e5e3d5f8662b9355c13e3dad64fce5f234fa6c39759","19b32e5e5a14da7196c829425d80c79360ddd64b399bcffb17d8ce14cb210664","5099","1"
"49489","f79abd4dfe0bff2c54af2e9905474e539cbac043120cfb98d37666c034ff7f52","92674","1","0","0","1","FC","68292","pval.c_gen_prios.c","FC:strdup","329","240","6d40d490d5ddf35752c78e5e3d5f8662b9355c13e3dad64fce5f234fa6c39759","19b32e5e5a14da7196c829425d80c79360ddd64b399bcffb17d8ce14cb210664","5099","1"
"49490","336a401ee3dad5b1f3fee2277a096d61ae250225842d99cf002e8f9895d3c5db","92675","1","0","0","1","PU","68293","pval.c_gen_prios.c","PU","330","230","f309754b73f92fdb35c69a2d23c208683c44a59f5a50be154aaed7a586326380","59ee1372eea33da570c4b56c8c1c77d170106a8162d14cdcea225f56bae1300b","4895","1"
"49491","7f7666f96689e55072058f6f9afb99298b3ec4bfa5cb2ab0d39659928d511860","92676","1","0","0","1","PU","68294","pval.c_gen_prios.c","PU","331","231","f309754b73f92fdb35c69a2d23c208683c44a59f5a50be154aaed7a586326380","59ee1372eea33da570c4b56c8c1c77d170106a8162d14cdcea225f56bae1300b","4895","1"
"49492","bc395d955a7a5c1dd8463bc4ee75fd43502ff91bba7fce12147e920ead665d9f","92677","1","0","0","1","PU","68295","pval.c_gen_prios.c","PU","334","234","f309754b73f92fdb35c69a2d23c208683c44a59f5a50be154aaed7a586326380","59ee1372eea33da570c4b56c8c1c77d170106a8162d14cdcea225f56bae1300b","4895","1"
"49493","32dc5700a3c876f2700322b73fd9557841e5ed3717f3edc4df28a095dd581f00","92678","1","0","0","1","PU","68296","pval.c_gen_prios.c","PU","335","235","f309754b73f92fdb35c69a2d23c208683c44a59f5a50be154aaed7a586326380","59ee1372eea33da570c4b56c8c1c77d170106a8162d14cdcea225f56bae1300b","4895","1"
"49494","0e72d12ef26fd6c02009a7b3491adf8e4b74caae4d9e41aec0fc2f046f0fe518","92679","1","0","0","1","PU","68297","pval.c_gen_prios.c","PU","337","236","f309754b73f92fdb35c69a2d23c208683c44a59f5a50be154aaed7a586326380","59ee1372eea33da570c4b56c8c1c77d170106a8162d14cdcea225f56bae1300b","4895","1"
"49495","8c86f3fcd992b81f3bbb3c15519542c9f1c984b309df38c69d8d2eb7991c65aa","92680","1","0","0","1","PU","68298","pval.c_gen_prios.c","PU","339","237","f309754b73f92fdb35c69a2d23c208683c44a59f5a50be154aaed7a586326380","59ee1372eea33da570c4b56c8c1c77d170106a8162d14cdcea225f56bae1300b","4895","1"
"49496","e4fb69d431d15f4c34431e595064016709c810131b33ff1e13de18ab8f6c56d5","92681","1","0","0","1","PU","68299","pval.c_gen_prios.c","PU","342","239","f309754b73f92fdb35c69a2d23c208683c44a59f5a50be154aaed7a586326380","59ee1372eea33da570c4b56c8c1c77d170106a8162d14cdcea225f56bae1300b","4895","1"
"49497","e9463ea18c16b51776c4049546230f246ea9049b83c5465db5cd883a5e92dae3","92682","1","0","0","1","PU","68300","pval.c_gen_prios.c","PU","343","240","f309754b73f92fdb35c69a2d23c208683c44a59f5a50be154aaed7a586326380","59ee1372eea33da570c4b56c8c1c77d170106a8162d14cdcea225f56bae1300b","4895","1"
"49498","25c2e0407e1c95299d2f326dd0dd9d1a9d9f15fddbaab5b120f71d6291adcc9a","92683","1","0","0","1","PU","68301","pval.c_gen_prios.c","PU","344","241","f309754b73f92fdb35c69a2d23c208683c44a59f5a50be154aaed7a586326380","59ee1372eea33da570c4b56c8c1c77d170106a8162d14cdcea225f56bae1300b","4895","1"
"49499","39916e6ad5d29473d3c79357c168de1bbc91fe4fb52a739e5690426aef9de2bb","92684","1","0","0","1","PU","68302","pval.c_gen_prios.c","PU","346","242","f309754b73f92fdb35c69a2d23c208683c44a59f5a50be154aaed7a586326380","59ee1372eea33da570c4b56c8c1c77d170106a8162d14cdcea225f56bae1300b","4895","1"
"49500","b1911fa370de39ae52d217e84a8e67d15a59be6566aad5081cc4cfac4f3b8cd3","92685","1","0","0","1","PU","68303","pval.c_gen_prios.c","PU","347","243","f309754b73f92fdb35c69a2d23c208683c44a59f5a50be154aaed7a586326380","59ee1372eea33da570c4b56c8c1c77d170106a8162d14cdcea225f56bae1300b","4895","1"
"49501","58bdf0990300687d118675d8c2bbecd88f518b921e53350ee70376bb76841a01","92686","1","0","0","1","PU","68304","pval.c_gen_prios.c","PU","348","244","f309754b73f92fdb35c69a2d23c208683c44a59f5a50be154aaed7a586326380","59ee1372eea33da570c4b56c8c1c77d170106a8162d14cdcea225f56bae1300b","4895","1"
"49502","1d1984a429e9744533b2e7738459ab4ed113c1de8f61e7207f933c1784b9eb42","92687","1","0","0","1","PU","68305","pval.c_gen_prios.c","PU","350","245","f309754b73f92fdb35c69a2d23c208683c44a59f5a50be154aaed7a586326380","59ee1372eea33da570c4b56c8c1c77d170106a8162d14cdcea225f56bae1300b","4895","1"
"49503","15d80beef1a7d096075515e856fe9561a8f9aa71ce8160884952bf96c996deaa","92688","1","0","0","1","PU","68306","pval.c_gen_prios.c","PU","351","246","f309754b73f92fdb35c69a2d23c208683c44a59f5a50be154aaed7a586326380","59ee1372eea33da570c4b56c8c1c77d170106a8162d14cdcea225f56bae1300b","4895","1"
"49504","8db4b898433b09f1d5faabfca2766fdf1ff2fd4847852bc5135d7b812b50b578","92689","1","0","0","1","PU","68307","pval.c_gen_prios.c","PU","353","247","f309754b73f92fdb35c69a2d23c208683c44a59f5a50be154aaed7a586326380","59ee1372eea33da570c4b56c8c1c77d170106a8162d14cdcea225f56bae1300b","4895","1"
"49505","6ac24796c756edfa0a927fa6f09cd6ee9c8d366d746ab8b2db5081646d717f46","92690","1","0","0","1","PU","68308","pval.c_gen_prios.c","PU","354","248","f309754b73f92fdb35c69a2d23c208683c44a59f5a50be154aaed7a586326380","59ee1372eea33da570c4b56c8c1c77d170106a8162d14cdcea225f56bae1300b","4895","1"
"49506","e8737b6d168b1d5bb5bfbcf22f7d68ef4faf535cbb3c3a4ecb7bdeb96144ab4e","92691","1","0","0","1","FC","68309","pval.c_gen_prios.c","FC:snprintf","356","262","6d40d490d5ddf35752c78e5e3d5f8662b9355c13e3dad64fce5f234fa6c39759","19b32e5e5a14da7196c829425d80c79360ddd64b399bcffb17d8ce14cb210664","5099","1"
"49507","0730bcd3e86490db58476d8c25b7fc946c8ff93809e6aa05bd10be1eb4f17765","92692","1","0","0","1","FC","68310","pval.c_gen_prios.c","FC:strdup","357","263","6d40d490d5ddf35752c78e5e3d5f8662b9355c13e3dad64fce5f234fa6c39759","19b32e5e5a14da7196c829425d80c79360ddd64b399bcffb17d8ce14cb210664","5099","1"
"49508","f4d273dca13b3ddd8c1a55944b768d4148b7695ad020cb0f68208f6983867097","92693","1","0","0","1","FC","68311","pval.c_gen_prios.c","FC:snprintf","358","264","6d40d490d5ddf35752c78e5e3d5f8662b9355c13e3dad64fce5f234fa6c39759","19b32e5e5a14da7196c829425d80c79360ddd64b399bcffb17d8ce14cb210664","5099","1"
"49509","5c7637370a2155e831a96cb6be7f2ae9c5df4724e037506214b4a8182c4da16c","92694","1","0","0","1","PU","68312","pval.c_gen_prios.c","PU","359","253","f309754b73f92fdb35c69a2d23c208683c44a59f5a50be154aaed7a586326380","59ee1372eea33da570c4b56c8c1c77d170106a8162d14cdcea225f56bae1300b","4895","1"
"49510","e1908de4220ae3294dbceb62ca81cc4bdc5d9191850b8c6f1c7237db412728d8","92695","1","0","0","1","PU","68313","pval.c_gen_prios.c","PU","363","254","f309754b73f92fdb35c69a2d23c208683c44a59f5a50be154aaed7a586326380","59ee1372eea33da570c4b56c8c1c77d170106a8162d14cdcea225f56bae1300b","4895","1"
"49511","94ef9982ab7448f5ece05ce1426bb09208a4d1cf43504566d2a25571ae4a50de","92696","1","0","0","1","PU","68314","pval.c_gen_prios.c","PU","364","255","f309754b73f92fdb35c69a2d23c208683c44a59f5a50be154aaed7a586326380","59ee1372eea33da570c4b56c8c1c77d170106a8162d14cdcea225f56bae1300b","4895","1"
"49512","0a70dbef9c76e35ea10d1311e33bf844bfd89fceb16b5595be579e322a9d4942","92697","1","0","0","1","PU","68315","pval.c_gen_prios.c","PU","368","256","f309754b73f92fdb35c69a2d23c208683c44a59f5a50be154aaed7a586326380","59ee1372eea33da570c4b56c8c1c77d170106a8162d14cdcea225f56bae1300b","4895","1"
"49513","e8c2df2f549a648b1505a95d6617a5c5d757004245434e893929e27d18ed4d11","92698","1","0","0","1","PU","68316","pval.c_gen_prios.c","PU","370","270","6d40d490d5ddf35752c78e5e3d5f8662b9355c13e3dad64fce5f234fa6c39759","19b32e5e5a14da7196c829425d80c79360ddd64b399bcffb17d8ce14cb210664","5099","1"
"49514","5866aa5e71ce1777d7abd8f2a39511d6b35479de79576df564e45592b96d47ae","92699","1","0","0","1","PU","68317","pval.c_gen_prios.c","PU","372","259","f309754b73f92fdb35c69a2d23c208683c44a59f5a50be154aaed7a586326380","59ee1372eea33da570c4b56c8c1c77d170106a8162d14cdcea225f56bae1300b","4895","1"
"49515","cd9cd083f874c48dd83f4f43437b8b8e5efb207402baac2bf486f66a914c9dc9","92700","1","0","0","1","FC","68318","pval.c_gen_prios.c","FC:strdup","373","273","6d40d490d5ddf35752c78e5e3d5f8662b9355c13e3dad64fce5f234fa6c39759","19b32e5e5a14da7196c829425d80c79360ddd64b399bcffb17d8ce14cb210664","5099","1"
"49516","c41e7018443f165dafa0f237d5e94663f621bd6037a05142b1b126165d3e965e","92701","1","0","0","1","FC","68319","pval.c_gen_prios.c","FC:snprintf","374","274","6d40d490d5ddf35752c78e5e3d5f8662b9355c13e3dad64fce5f234fa6c39759","19b32e5e5a14da7196c829425d80c79360ddd64b399bcffb17d8ce14cb210664","5099","1"
"49517","03e73a4ac5112a1f9dd8a2ce6cdff5b7f7b51e2d396b7becca03815ad4021275","92702","1","0","0","1","FC","68320","pval.c_gen_prios.c","FC:strdup","375","275","6d40d490d5ddf35752c78e5e3d5f8662b9355c13e3dad64fce5f234fa6c39759","19b32e5e5a14da7196c829425d80c79360ddd64b399bcffb17d8ce14cb210664","5099","1"
"49518","910164823475363ff3de3181e27aec85998744798dd51984293be35c428a1de5","92703","1","0","0","1","PU","68321","pval.c_gen_prios.c","PU","377","277","6d40d490d5ddf35752c78e5e3d5f8662b9355c13e3dad64fce5f234fa6c39759","19b32e5e5a14da7196c829425d80c79360ddd64b399bcffb17d8ce14cb210664","5099","1"
"49519","58324cf611b1f8b8a7d71eb3501abd877233066af211358210d6348e62fd9af6","92704","1","0","0","1","PU","68322","pval.c_gen_prios.c","PU","379","266","f309754b73f92fdb35c69a2d23c208683c44a59f5a50be154aaed7a586326380","59ee1372eea33da570c4b56c8c1c77d170106a8162d14cdcea225f56bae1300b","4895","1"
"49520","e0d388fd0286c9bbd563b0a3a7bbcccec122bfa0876a6f1bb0bb21674e8bb399","92705","1","0","0","1","FC","68323","pval.c_gen_prios.c","FC:strdup","380","280","6d40d490d5ddf35752c78e5e3d5f8662b9355c13e3dad64fce5f234fa6c39759","19b32e5e5a14da7196c829425d80c79360ddd64b399bcffb17d8ce14cb210664","5099","1"
"49521","7b7ca0ae3542127ae8f2d481cb184b97c2810b5a0a6c42cd684832ea7fce7bbd","92706","1","0","0","1","PU","68324","pval.c_gen_prios.c","PU","381","268","f309754b73f92fdb35c69a2d23c208683c44a59f5a50be154aaed7a586326380","59ee1372eea33da570c4b56c8c1c77d170106a8162d14cdcea225f56bae1300b","4895","1"
"49522","f0d5db6bd055c2facf5cd1e5e8a05ea6faaa0d54d101f48268761c39830b9091","92707","1","0","0","1","FC","68325","pval.c_gen_prios.c","FC:snprintf","382","282","6d40d490d5ddf35752c78e5e3d5f8662b9355c13e3dad64fce5f234fa6c39759","19b32e5e5a14da7196c829425d80c79360ddd64b399bcffb17d8ce14cb210664","5099","1"
"49523","dfa7e4787470ed7ca18789f02acba404383785b36a2acfa2e5fe0354505867a3","92708","1","0","0","1","FC","68326","pval.c_gen_prios.c","FC:strdup","383","283","6d40d490d5ddf35752c78e5e3d5f8662b9355c13e3dad64fce5f234fa6c39759","19b32e5e5a14da7196c829425d80c79360ddd64b399bcffb17d8ce14cb210664","5099","1"
"49524","f64fc7eae7afe159c276a3fac9a0f5aa636b5def9c13398df494ccfd5d1ac16a","92709","1","0","0","1","PU","68327","pval.c_gen_prios.c","PU","385","285","6d40d490d5ddf35752c78e5e3d5f8662b9355c13e3dad64fce5f234fa6c39759","19b32e5e5a14da7196c829425d80c79360ddd64b399bcffb17d8ce14cb210664","5099","1"
"49525","7069434059cfb78097f0a980e42790b4f2af9297167c26a675fcc9d776ce31bd","92710","1","0","0","1","PU","68328","pval.c_gen_prios.c","PU","387","274","f309754b73f92fdb35c69a2d23c208683c44a59f5a50be154aaed7a586326380","59ee1372eea33da570c4b56c8c1c77d170106a8162d14cdcea225f56bae1300b","4895","1"
"49526","edde546cc41f365d295adb550ff67ad4c5133207bf4c9b42e03315477fec4c3e","92711","1","0","0","1","FC","68329","pval.c_gen_prios.c","FC:strdup","388","288","6d40d490d5ddf35752c78e5e3d5f8662b9355c13e3dad64fce5f234fa6c39759","19b32e5e5a14da7196c829425d80c79360ddd64b399bcffb17d8ce14cb210664","5099","1"
"49527","bba8dbc48e70555f87db5f9759a8350eac5d806fdfd02ac2ae8b36f2c0bd30cb","92712","1","0","0","1","FC","68330","pval.c_gen_prios.c","FC:snprintf","389","289","6d40d490d5ddf35752c78e5e3d5f8662b9355c13e3dad64fce5f234fa6c39759","19b32e5e5a14da7196c829425d80c79360ddd64b399bcffb17d8ce14cb210664","5099","1"
"49528","a36fd3fd9c3008b8e5a8e89218e6d35b6a9d2dc5c6a7d3298ec47433119ac83c","92713","1","0","0","1","FC","68331","pval.c_gen_prios.c","FC:strdup","390","290","6d40d490d5ddf35752c78e5e3d5f8662b9355c13e3dad64fce5f234fa6c39759","19b32e5e5a14da7196c829425d80c79360ddd64b399bcffb17d8ce14cb210664","5099","1"
"49529","f2ba7d6460856d7df5775b90f7710cdc11475404115c0198d98c17f7ab5b3173","92714","1","0","0","1","PU","68332","pval.c_gen_prios.c","PU","392","279","f309754b73f92fdb35c69a2d23c208683c44a59f5a50be154aaed7a586326380","59ee1372eea33da570c4b56c8c1c77d170106a8162d14cdcea225f56bae1300b","4895","1"
"49530","caf02e1354905ea6b6bacb3748a5bf4176686007a879fb7c23fd94767658d618","92715","1","0","0","1","PU","68333","pval.c_gen_prios.c","PU","394","281","f309754b73f92fdb35c69a2d23c208683c44a59f5a50be154aaed7a586326380","59ee1372eea33da570c4b56c8c1c77d170106a8162d14cdcea225f56bae1300b","4895","1"
"49531","43334f74586cb8c2e9fd5d8ac9a86d15cbb2af26e599f5550e4450fc29f8aee5","92716","1","0","0","1","PU","68334","pval.c_gen_prios.c","PU","395","282","f309754b73f92fdb35c69a2d23c208683c44a59f5a50be154aaed7a586326380","59ee1372eea33da570c4b56c8c1c77d170106a8162d14cdcea225f56bae1300b","4895","1"
"49532","6ff1ea5696c2caa1a78b01a94c455c3b0b395f8a1f80da6db387c4eacf266be6","92717","1","0","0","1","FC","68335","pval.c_gen_prios.c","FC:strdup","396","296","6d40d490d5ddf35752c78e5e3d5f8662b9355c13e3dad64fce5f234fa6c39759","19b32e5e5a14da7196c829425d80c79360ddd64b399bcffb17d8ce14cb210664","5099","1"
"49533","a9353a77d213b315ec8c8ffed036b1ded947b7b2b50742f42164732216dd80fb","92718","1","0","0","1","PU","68336","pval.c_gen_prios.c","PU","400","298","6d40d490d5ddf35752c78e5e3d5f8662b9355c13e3dad64fce5f234fa6c39759","19b32e5e5a14da7196c829425d80c79360ddd64b399bcffb17d8ce14cb210664","5099","1"
"49534","fe9ea168306e4a29e94094b1ee6e1ffc80cbc06b1061796ff7b258f39b8c5a6f","92719","1","0","0","1","PU","68337","pval.c_gen_prios.c","PU","403","287","f309754b73f92fdb35c69a2d23c208683c44a59f5a50be154aaed7a586326380","59ee1372eea33da570c4b56c8c1c77d170106a8162d14cdcea225f56bae1300b","4895","1"
"49535","e5812d09748ed91ce208c798ecc491bcaefb11d09ba0e975b80097fd8f05182e","92720","1","0","0","1","FC","68338","pval.c_gen_prios.c","FC:strdup","404","301","6d40d490d5ddf35752c78e5e3d5f8662b9355c13e3dad64fce5f234fa6c39759","19b32e5e5a14da7196c829425d80c79360ddd64b399bcffb17d8ce14cb210664","5099","1"
"49536","70551e3864e3e312719b289daa153f84f10434ce610cdf9a4e301e60d52a2cf0","92721","1","0","0","1","FC","68339","pval.c_gen_prios.c","FC:snprintf","405","302","6d40d490d5ddf35752c78e5e3d5f8662b9355c13e3dad64fce5f234fa6c39759","19b32e5e5a14da7196c829425d80c79360ddd64b399bcffb17d8ce14cb210664","5099","1"
"49537","89362cf3ad225fa6082f1e63f4fb97c6bcf77fd67d147b339d51d17a6c4c03fc","92722","1","0","0","1","FC","68340","pval.c_gen_prios.c","FC:strdup","406","303","6d40d490d5ddf35752c78e5e3d5f8662b9355c13e3dad64fce5f234fa6c39759","19b32e5e5a14da7196c829425d80c79360ddd64b399bcffb17d8ce14cb210664","5099","1"
"49538","11e24093f875ed65d589c34564b10b352656814f1f1060aae07a1a2c28833d99","92723","1","0","0","1","PU","68341","pval.c_gen_prios.c","PU","408","292","f309754b73f92fdb35c69a2d23c208683c44a59f5a50be154aaed7a586326380","59ee1372eea33da570c4b56c8c1c77d170106a8162d14cdcea225f56bae1300b","4895","1"
"49539","53f6c526ef53ae2307f5afa4d0ec11715ef832a0aa973da31404ae25b7bf68d9","92724","1","0","0","1","PU","68342","pval.c_gen_prios.c","PU","410","293","f309754b73f92fdb35c69a2d23c208683c44a59f5a50be154aaed7a586326380","59ee1372eea33da570c4b56c8c1c77d170106a8162d14cdcea225f56bae1300b","4895","1"
"49540","8065d68b7e3abdd4c35e03b3085533714bcf142690e41502cb5378b4d8750a39","92725","1","0","0","1","PU","68343","pval.c_gen_prios.c","PU","413","295","f309754b73f92fdb35c69a2d23c208683c44a59f5a50be154aaed7a586326380","59ee1372eea33da570c4b56c8c1c77d170106a8162d14cdcea225f56bae1300b","4895","1"
"49541","42936281a49d1454e14a9a62a0704d0a0991bb3bbb2d9f5197c276e816ba8706","92726","1","0","0","1","PU","68344","pval.c_gen_prios.c","PU","414","296","f309754b73f92fdb35c69a2d23c208683c44a59f5a50be154aaed7a586326380","59ee1372eea33da570c4b56c8c1c77d170106a8162d14cdcea225f56bae1300b","4895","1"
"49542","967ccc6620ba6168e01e5de5f2c2794c87b10c34cffbb2318430275deb8c8d8f","92727","1","0","0","1","PU","68345","pval.c_gen_prios.c","PU","415","297","f309754b73f92fdb35c69a2d23c208683c44a59f5a50be154aaed7a586326380","59ee1372eea33da570c4b56c8c1c77d170106a8162d14cdcea225f56bae1300b","4895","1"
"49543","de312f4433340adeeb4ddf76ac2997bceb07f454899ed9f1674deb9a56c2f7c4","92728","1","0","0","1","PU","68346","pval.c_gen_prios.c","PU","417","298","f309754b73f92fdb35c69a2d23c208683c44a59f5a50be154aaed7a586326380","59ee1372eea33da570c4b56c8c1c77d170106a8162d14cdcea225f56bae1300b","4895","1"
"49544","faa432d86865e7037eb34db591777b48b59598a9e66c789a4c65a636e56e5b3a","92729","1","0","0","1","PU","68347","pval.c_gen_prios.c","PU","418","299","f309754b73f92fdb35c69a2d23c208683c44a59f5a50be154aaed7a586326380","59ee1372eea33da570c4b56c8c1c77d170106a8162d14cdcea225f56bae1300b","4895","1"
"49545","8e614156498bb87afe1825e1b641e4db887dfd3b2eadd3b95beba2ddc1c930d3","92730","1","0","0","1","PU","68348","pval.c_gen_prios.c","PU","419","300","f309754b73f92fdb35c69a2d23c208683c44a59f5a50be154aaed7a586326380","59ee1372eea33da570c4b56c8c1c77d170106a8162d14cdcea225f56bae1300b","4895","1"
"49546","4beae6e51f432ab82b0a6a4e5f67327d1c93dfa6b26a69f76e7b573c2712dc2a","92731","1","0","0","1","PU","68349","pval.c_gen_prios.c","PU","421","301","f309754b73f92fdb35c69a2d23c208683c44a59f5a50be154aaed7a586326380","59ee1372eea33da570c4b56c8c1c77d170106a8162d14cdcea225f56bae1300b","4895","1"
"49547","3d65c5a8e331daca1e7ee0227905018f80c081be5787e202bbcb85875cdd3dab","92732","1","0","0","1","PU","68350","pval.c_gen_prios.c","PU","422","302","f309754b73f92fdb35c69a2d23c208683c44a59f5a50be154aaed7a586326380","59ee1372eea33da570c4b56c8c1c77d170106a8162d14cdcea225f56bae1300b","4895","1"
"49548","76a7ec9f2ac8bfa1913c43773999e2d126b395ad88256d780399c290011f5fdc","92733","1","0","0","1","PU","68351","pval.c_gen_prios.c","PU","424","303","f309754b73f92fdb35c69a2d23c208683c44a59f5a50be154aaed7a586326380","59ee1372eea33da570c4b56c8c1c77d170106a8162d14cdcea225f56bae1300b","4895","1"
"49549","bcb59e2abfc9b594d26e9b4ee1bd479fd4fb93e84fac20fab22709d7821de35c","92734","1","0","0","1","PU","68352","pval.c_gen_prios.c","PU","425","304","f309754b73f92fdb35c69a2d23c208683c44a59f5a50be154aaed7a586326380","59ee1372eea33da570c4b56c8c1c77d170106a8162d14cdcea225f56bae1300b","4895","1"
"49550","f829120eb67c3322ebb763f501f2894cecf64f78f309a3db74e087c9bc1b0a66","92735","1","0","0","1","FC","68353","pval.c_gen_prios.c","FC:snprintf","427","319","6d40d490d5ddf35752c78e5e3d5f8662b9355c13e3dad64fce5f234fa6c39759","19b32e5e5a14da7196c829425d80c79360ddd64b399bcffb17d8ce14cb210664","5099","1"
"49551","dce364609488fbb53301c576a0984630330da32e920bf7b2d684b20345f5372e","92736","1","0","0","1","FC","68354","pval.c_gen_prios.c","FC:strdup","428","320","6d40d490d5ddf35752c78e5e3d5f8662b9355c13e3dad64fce5f234fa6c39759","19b32e5e5a14da7196c829425d80c79360ddd64b399bcffb17d8ce14cb210664","5099","1"
"49552","efee3bb116ab0e0c372ac2bf971729aca98653df5d4528ab0d3b530dd4dc42c9","92737","1","0","0","1","FC","68355","pval.c_gen_prios.c","FC:snprintf","429","321","6d40d490d5ddf35752c78e5e3d5f8662b9355c13e3dad64fce5f234fa6c39759","19b32e5e5a14da7196c829425d80c79360ddd64b399bcffb17d8ce14cb210664","5099","1"
"49553","69f367dabc37d1d079f73ee2173fd94e8c299d047c0b8cfbd3687790fb463170","92738","1","0","0","1","PU","68356","pval.c_gen_prios.c","PU","430","309","f309754b73f92fdb35c69a2d23c208683c44a59f5a50be154aaed7a586326380","59ee1372eea33da570c4b56c8c1c77d170106a8162d14cdcea225f56bae1300b","4895","1"
"49554","f76bbecd85065642933d4e697cb1df493e3ca624662e0a194bb5023b24cead60","92739","1","0","0","1","PU","68357","pval.c_gen_prios.c","PU","434","310","f309754b73f92fdb35c69a2d23c208683c44a59f5a50be154aaed7a586326380","59ee1372eea33da570c4b56c8c1c77d170106a8162d14cdcea225f56bae1300b","4895","1"
"49555","c417ddeded34dfd3f7a6795c496f7d21f28df2efec2e9d6c32ef6d4c28fec1c1","92740","1","0","0","1","PU","68358","pval.c_gen_prios.c","PU","435","311","f309754b73f92fdb35c69a2d23c208683c44a59f5a50be154aaed7a586326380","59ee1372eea33da570c4b56c8c1c77d170106a8162d14cdcea225f56bae1300b","4895","1"
"49556","3ef70369b783fbedf50aae8bbafad1c15642b3bda4a8d1b53e76731b03b33d65","92741","1","0","0","1","PU","68359","pval.c_gen_prios.c","PU","439","312","f309754b73f92fdb35c69a2d23c208683c44a59f5a50be154aaed7a586326380","59ee1372eea33da570c4b56c8c1c77d170106a8162d14cdcea225f56bae1300b","4895","1"
"49557","1ae47b439a0e808a90bf276612bf1e665e4eb2e49aa35f54539aec4fb0ad450f","92742","1","0","0","1","PU","68360","pval.c_gen_prios.c","PU","441","327","6d40d490d5ddf35752c78e5e3d5f8662b9355c13e3dad64fce5f234fa6c39759","19b32e5e5a14da7196c829425d80c79360ddd64b399bcffb17d8ce14cb210664","5099","1"
"49558","ab06732b4cb23727911ebec21b00ff35e17c8734da3c00b15f2540d864450287","92743","1","0","0","1","PU","68361","pval.c_gen_prios.c","PU","443","315","f309754b73f92fdb35c69a2d23c208683c44a59f5a50be154aaed7a586326380","59ee1372eea33da570c4b56c8c1c77d170106a8162d14cdcea225f56bae1300b","4895","1"
"49559","fd7dd6790eec14c91867625351a385c572b45f15df84b388af43c010518e2871","92744","1","0","0","1","FC","68362","pval.c_gen_prios.c","FC:strdup","444","330","6d40d490d5ddf35752c78e5e3d5f8662b9355c13e3dad64fce5f234fa6c39759","19b32e5e5a14da7196c829425d80c79360ddd64b399bcffb17d8ce14cb210664","5099","1"
"49560","5ef5dca9ccd0fb87f4d0e201d1b3c7c31fc74658477b0c3234b0529d149b7867","92745","1","0","0","1","FC","68363","pval.c_gen_prios.c","FC:snprintf","445","331","6d40d490d5ddf35752c78e5e3d5f8662b9355c13e3dad64fce5f234fa6c39759","19b32e5e5a14da7196c829425d80c79360ddd64b399bcffb17d8ce14cb210664","5099","1"
"49561","fb19eb02f779a1356b6155aa6f29b725aed6a55ce538316b677a48757e186b84","92746","1","0","0","1","FC","68364","pval.c_gen_prios.c","FC:strdup","446","332","6d40d490d5ddf35752c78e5e3d5f8662b9355c13e3dad64fce5f234fa6c39759","19b32e5e5a14da7196c829425d80c79360ddd64b399bcffb17d8ce14cb210664","5099","1"
"49562","44eadb9e3f21632d85438e1d2b7d8c59fd86d1cc26b320253952738d7c30125b","92747","1","0","0","1","PU","68365","pval.c_gen_prios.c","PU","448","334","6d40d490d5ddf35752c78e5e3d5f8662b9355c13e3dad64fce5f234fa6c39759","19b32e5e5a14da7196c829425d80c79360ddd64b399bcffb17d8ce14cb210664","5099","1"
"49563","5c2e532043957431266f5222a4ee1decb83eae63d34dab62e987b7c81c2ffd60","92748","1","0","0","1","PU","68366","pval.c_gen_prios.c","PU","450","322","f309754b73f92fdb35c69a2d23c208683c44a59f5a50be154aaed7a586326380","59ee1372eea33da570c4b56c8c1c77d170106a8162d14cdcea225f56bae1300b","4895","1"
"49564","2de29820bf23b3449e887e3f8801ae5bf015e6b2265cec4e6e6a5e94748b624c","92749","1","0","0","1","FC","68367","pval.c_gen_prios.c","FC:strdup","451","337","6d40d490d5ddf35752c78e5e3d5f8662b9355c13e3dad64fce5f234fa6c39759","19b32e5e5a14da7196c829425d80c79360ddd64b399bcffb17d8ce14cb210664","5099","1"
"49565","d98990e53c79675b9b5f9cfc09960d4f8a21fa8818a9227af88c469c2ebcc575","92750","1","0","0","1","PU","68368","pval.c_gen_prios.c","PU","452","324","f309754b73f92fdb35c69a2d23c208683c44a59f5a50be154aaed7a586326380","59ee1372eea33da570c4b56c8c1c77d170106a8162d14cdcea225f56bae1300b","4895","1"
"49566","c9f145e7570c1658d6d75bef45013f0e8b0a2d99c6259b16be046f6e7af5ac85","92751","1","0","0","1","FC","68369","pval.c_gen_prios.c","FC:snprintf","453","339","6d40d490d5ddf35752c78e5e3d5f8662b9355c13e3dad64fce5f234fa6c39759","19b32e5e5a14da7196c829425d80c79360ddd64b399bcffb17d8ce14cb210664","5099","1"
"49567","e04403899f05213f4d67ed8bb4b5b479ba58074262d883f2f8528bf054ba7832","92752","1","0","0","1","FC","68370","pval.c_gen_prios.c","FC:strdup","454","340","6d40d490d5ddf35752c78e5e3d5f8662b9355c13e3dad64fce5f234fa6c39759","19b32e5e5a14da7196c829425d80c79360ddd64b399bcffb17d8ce14cb210664","5099","1"
"49568","e7c0b6b2bdb7f35ac6c30851e705253911ec377c46bed453fdb00cf749e50572","92753","1","0","0","1","PU","68371","pval.c_gen_prios.c","PU","456","342","6d40d490d5ddf35752c78e5e3d5f8662b9355c13e3dad64fce5f234fa6c39759","19b32e5e5a14da7196c829425d80c79360ddd64b399bcffb17d8ce14cb210664","5099","1"
"49569","a7d0118acda890bb7aaaba7d496916a81b55e35a1d0ca669dbc8deff23a63e9f","92754","1","0","0","1","PU","68372","pval.c_gen_prios.c","PU","458","330","f309754b73f92fdb35c69a2d23c208683c44a59f5a50be154aaed7a586326380","59ee1372eea33da570c4b56c8c1c77d170106a8162d14cdcea225f56bae1300b","4895","1"
"49570","5b3a2a12b82d9f283fde85b68d7a4bd621a43ac619b44b94c171005b098db8c9","92755","1","0","0","1","FC","68373","pval.c_gen_prios.c","FC:strdup","459","345","6d40d490d5ddf35752c78e5e3d5f8662b9355c13e3dad64fce5f234fa6c39759","19b32e5e5a14da7196c829425d80c79360ddd64b399bcffb17d8ce14cb210664","5099","1"
"49571","f03a85807b8033f9f1cb3cef4e93ba4e2bae8135cd91ffdf491c3d15575e662a","92756","1","0","0","1","FC","68374","pval.c_gen_prios.c","FC:snprintf","460","346","6d40d490d5ddf35752c78e5e3d5f8662b9355c13e3dad64fce5f234fa6c39759","19b32e5e5a14da7196c829425d80c79360ddd64b399bcffb17d8ce14cb210664","5099","1"
"49572","57e37d898cbf321c7abc2af84ee402c6c841b76b8dccff94b4162a68c30d0aa6","92757","1","0","0","1","FC","68375","pval.c_gen_prios.c","FC:strdup","461","347","6d40d490d5ddf35752c78e5e3d5f8662b9355c13e3dad64fce5f234fa6c39759","19b32e5e5a14da7196c829425d80c79360ddd64b399bcffb17d8ce14cb210664","5099","1"
"49573","f9865766d87fe57ce91363d6f82071ccc23c71cc44d23e07dd56df1613ce37d7","92758","1","0","0","1","PU","68376","pval.c_gen_prios.c","PU","463","335","f309754b73f92fdb35c69a2d23c208683c44a59f5a50be154aaed7a586326380","59ee1372eea33da570c4b56c8c1c77d170106a8162d14cdcea225f56bae1300b","4895","1"
"49574","c4aae9835b47e31875f924063ee7f3fc9bdf57657c28ba470f6c9750a0a2b8e8","92759","1","0","0","1","PU","68377","pval.c_gen_prios.c","PU","465","337","f309754b73f92fdb35c69a2d23c208683c44a59f5a50be154aaed7a586326380","59ee1372eea33da570c4b56c8c1c77d170106a8162d14cdcea225f56bae1300b","4895","1"
"49575","a5c260d8f304e80dff3ba82451105132589e0bbf3b805b6194c71f5c151dccc7","92760","1","0","0","1","PU","68378","pval.c_gen_prios.c","PU","466","338","f309754b73f92fdb35c69a2d23c208683c44a59f5a50be154aaed7a586326380","59ee1372eea33da570c4b56c8c1c77d170106a8162d14cdcea225f56bae1300b","4895","1"
"49576","8a403d80639cf0c6d3557a18604e4b839be04aaef03a312e88d2fd20a7288bbc","92761","1","0","0","1","FC","68379","pval.c_gen_prios.c","FC:strdup","467","353","6d40d490d5ddf35752c78e5e3d5f8662b9355c13e3dad64fce5f234fa6c39759","19b32e5e5a14da7196c829425d80c79360ddd64b399bcffb17d8ce14cb210664","5099","1"
"49577","778f8aa8ea08919afb040b2261e43186833fc98a3a1cd746fd57b85c5ab22c45","92762","1","0","0","1","PU","68380","pval.c_gen_prios.c","PU","471","355","6d40d490d5ddf35752c78e5e3d5f8662b9355c13e3dad64fce5f234fa6c39759","19b32e5e5a14da7196c829425d80c79360ddd64b399bcffb17d8ce14cb210664","5099","1"
"49578","51e8f44634af2377aec2996874f7ac9e0ac26b82e9e7534d1e9ac68464a8dac6","92763","1","0","0","1","PU","68381","pval.c_gen_prios.c","PU","474","343","f309754b73f92fdb35c69a2d23c208683c44a59f5a50be154aaed7a586326380","59ee1372eea33da570c4b56c8c1c77d170106a8162d14cdcea225f56bae1300b","4895","1"
"49579","d949099b35844b6e1194c7e7b0142c2c0df4fe54fa2f4961e8ef6b44deda6852","92764","1","0","0","1","FC","68382","pval.c_gen_prios.c","FC:strdup","475","358","6d40d490d5ddf35752c78e5e3d5f8662b9355c13e3dad64fce5f234fa6c39759","19b32e5e5a14da7196c829425d80c79360ddd64b399bcffb17d8ce14cb210664","5099","1"
"49580","b72d03dce7a34d2840c5bd58352c68133aee6a5a22ac80ba91caa198f29261d4","92765","1","0","0","1","FC","68383","pval.c_gen_prios.c","FC:snprintf","476","359","6d40d490d5ddf35752c78e5e3d5f8662b9355c13e3dad64fce5f234fa6c39759","19b32e5e5a14da7196c829425d80c79360ddd64b399bcffb17d8ce14cb210664","5099","1"
"49581","e3a720fb86281adb80d18741547f12491370e986018aed6b70aee32227a2ed2f","92766","1","0","0","1","FC","68384","pval.c_gen_prios.c","FC:strdup","477","360","6d40d490d5ddf35752c78e5e3d5f8662b9355c13e3dad64fce5f234fa6c39759","19b32e5e5a14da7196c829425d80c79360ddd64b399bcffb17d8ce14cb210664","5099","1"
"49582","f10800f0f75f310b9a02f929527a8ae7eaa361fb4e8a4f7858a808e26b61c1cd","92767","1","0","0","1","PU","68385","pval.c_gen_prios.c","PU","479","348","f309754b73f92fdb35c69a2d23c208683c44a59f5a50be154aaed7a586326380","59ee1372eea33da570c4b56c8c1c77d170106a8162d14cdcea225f56bae1300b","4895","1"
"49583","8d7a8eb019dd631c60e88d616308db1f180067519b67eb3877c8e7e40a691af3","92768","1","0","0","1","PU","68386","pval.c_gen_prios.c","PU","481","349","f309754b73f92fdb35c69a2d23c208683c44a59f5a50be154aaed7a586326380","59ee1372eea33da570c4b56c8c1c77d170106a8162d14cdcea225f56bae1300b","4895","1"
"49584","02f4b52f84373b55692962e9a44a2fd419724287aa453f010da4f52f6dcf88a2","92769","1","0","0","1","PU","68387","pval.c_gen_prios.c","PU","484","351","f309754b73f92fdb35c69a2d23c208683c44a59f5a50be154aaed7a586326380","59ee1372eea33da570c4b56c8c1c77d170106a8162d14cdcea225f56bae1300b","4895","1"
"49585","04ae457d7eb9e635c4f1b62b0fa8231188f1bc0221ca62d533c850fb1136199f","92770","1","0","0","1","PU","68388","pval.c_gen_prios.c","PU","485","352","f309754b73f92fdb35c69a2d23c208683c44a59f5a50be154aaed7a586326380","59ee1372eea33da570c4b56c8c1c77d170106a8162d14cdcea225f56bae1300b","4895","1"
"49586","95fa74ebfa0fc7ee3e1c04ba3f30aa5fafb6c1299d7b0bd106398a1c74fd619f","92771","1","0","0","1","PU","68389","pval.c_gen_prios.c","PU","486","353","f309754b73f92fdb35c69a2d23c208683c44a59f5a50be154aaed7a586326380","59ee1372eea33da570c4b56c8c1c77d170106a8162d14cdcea225f56bae1300b","4895","1"
"49587","2053ff692013070bc73c37af843bf94319744bdd55539fcf40cd4d0e12a0c014","92772","1","0","0","1","PU","68390","pval.c_gen_prios.c","PU","488","354","f309754b73f92fdb35c69a2d23c208683c44a59f5a50be154aaed7a586326380","59ee1372eea33da570c4b56c8c1c77d170106a8162d14cdcea225f56bae1300b","4895","1"
"49588","3435d5952c1619c3da5381ad227f4c72d7acfcc93c5a410541498c95c2ae844a","92773","1","0","0","1","PU","68391","pval.c_gen_prios.c","PU","489","355","f309754b73f92fdb35c69a2d23c208683c44a59f5a50be154aaed7a586326380","59ee1372eea33da570c4b56c8c1c77d170106a8162d14cdcea225f56bae1300b","4895","1"
"49589","2b6234f162f1db91ad4da2430140406176316296e3b8654fe4671b17a62599ca","92774","1","0","0","1","PU","68392","pval.c_gen_prios.c","PU","490","356","f309754b73f92fdb35c69a2d23c208683c44a59f5a50be154aaed7a586326380","59ee1372eea33da570c4b56c8c1c77d170106a8162d14cdcea225f56bae1300b","4895","1"
"49590","a4ba4defe41526e264e33f4010432ec42cf3ca5220145538ec84318c56768228","92775","1","0","0","1","PU","68393","pval.c_gen_prios.c","PU","492","357","f309754b73f92fdb35c69a2d23c208683c44a59f5a50be154aaed7a586326380","59ee1372eea33da570c4b56c8c1c77d170106a8162d14cdcea225f56bae1300b","4895","1"
"49591","65be7fb6eb0f384c67325c50cb0992ac6322e6e03106cdbfdec6eb987aa02747","92776","1","0","0","1","PU","68394","pval.c_gen_prios.c","PU","493","358","f309754b73f92fdb35c69a2d23c208683c44a59f5a50be154aaed7a586326380","59ee1372eea33da570c4b56c8c1c77d170106a8162d14cdcea225f56bae1300b","4895","1"
"49592","822659b7dadf2a9fc8e5a1eaf896e8036ff90e88d876f3c84154276da2fd7e2b","92777","1","0","0","1","AE","68395","pval.c_gen_prios.c","AE","497","360","6be26150ad7e150d6eeac90df3da1fa282da653f659927f4d0b7c3e17b6c21d6","42512330b06de64ebaf97a5eacbde6f5fa631576ba4e7aea649dc3cdd3fedc44","4902","1"
"49593","44df45762bb6204af3b85ae9f014c03d8bdb9ad3a7419678a5e1461bf284cf65","92778","1","0","0","1","PU","68396","pval.c_gen_prios.c","PU","499","360","f309754b73f92fdb35c69a2d23c208683c44a59f5a50be154aaed7a586326380","59ee1372eea33da570c4b56c8c1c77d170106a8162d14cdcea225f56bae1300b","4895","1"
"49594","9499824ba78892869c2a5449985e44eda431705d34f6f67f075c9f9b71940cbd","92779","1","0","0","1","PU","68397","pval.c_gen_prios.c","PU","500","361","f309754b73f92fdb35c69a2d23c208683c44a59f5a50be154aaed7a586326380","59ee1372eea33da570c4b56c8c1c77d170106a8162d14cdcea225f56bae1300b","4895","1"
"49595","fc7e9793c22a59b7b1ea10969dfdcb88dea57904d922044d6d39b1821b904e0d","92780","1","0","0","1","PU","68398","pval.c_gen_prios.c","PU","501","362","f309754b73f92fdb35c69a2d23c208683c44a59f5a50be154aaed7a586326380","59ee1372eea33da570c4b56c8c1c77d170106a8162d14cdcea225f56bae1300b","4895","1"
"49596","4360f3d2239b8a8606b95e0fa52a7b78902c6873483721a60fb9f742d0405984","92781","1","0","0","1","PU","68399","pval.c_gen_prios.c","PU","503","363","f309754b73f92fdb35c69a2d23c208683c44a59f5a50be154aaed7a586326380","59ee1372eea33da570c4b56c8c1c77d170106a8162d14cdcea225f56bae1300b","4895","1"
"49597","f5b81e31289d0eba554a57d5e6161ba3d7ff8fd96aca3f16d2a05c3ecfbaca3c","92782","1","0","0","1","PU","68400","pval.c_gen_prios.c","PU","504","364","f309754b73f92fdb35c69a2d23c208683c44a59f5a50be154aaed7a586326380","59ee1372eea33da570c4b56c8c1c77d170106a8162d14cdcea225f56bae1300b","4895","1"
"49598","4f56f765c9d12fc57a6ec9b9add1a1fdbd391421dd044812ec9bb8ba24b1626c","92783","1","0","0","1","PU","68401","pval.c_gen_prios.c","PU","505","365","f309754b73f92fdb35c69a2d23c208683c44a59f5a50be154aaed7a586326380","59ee1372eea33da570c4b56c8c1c77d170106a8162d14cdcea225f56bae1300b","4895","1"
"49599","21d2f4b762549a0a9c1144850b8d5f936b46993164a598c0529849efcaa7ef67","92784","1","0","0","1","PU","68402","pval.c_gen_prios.c","PU","507","366","f309754b73f92fdb35c69a2d23c208683c44a59f5a50be154aaed7a586326380","59ee1372eea33da570c4b56c8c1c77d170106a8162d14cdcea225f56bae1300b","4895","1"
"49600","36780bce27056a10ef44a26397522ab4d80920e7610f70b4ff681f318407adac","92785","1","0","0","1","PU","68403","pval.c_gen_prios.c","PU","508","367","f309754b73f92fdb35c69a2d23c208683c44a59f5a50be154aaed7a586326380","59ee1372eea33da570c4b56c8c1c77d170106a8162d14cdcea225f56bae1300b","4895","1"
"49601","f8d044488107ab0ca7faeedcc54b640745d0dc743005c902f4b17f5d748e18c4","92786","1","0","0","1","FC","68404","pval.c_gen_prios.c","FC:snprintf","510","384","6d40d490d5ddf35752c78e5e3d5f8662b9355c13e3dad64fce5f234fa6c39759","19b32e5e5a14da7196c829425d80c79360ddd64b399bcffb17d8ce14cb210664","5099","1"
"49602","8b299f7d1ee6e9cf63dafed5c5774a4306a8ddfde51e19f9eb9fc59e7fec8267","92787","1","0","0","1","FC","68405","pval.c_gen_prios.c","FC:strdup","511","385","6d40d490d5ddf35752c78e5e3d5f8662b9355c13e3dad64fce5f234fa6c39759","19b32e5e5a14da7196c829425d80c79360ddd64b399bcffb17d8ce14cb210664","5099","1"
"49603","4f30c015d6867fc002c6b6cdce303a4ce68d564484c1b639c5afeb7934c5e073","92788","1","0","0","1","FC","68406","pval.c_gen_prios.c","FC:strdup","512","386","6d40d490d5ddf35752c78e5e3d5f8662b9355c13e3dad64fce5f234fa6c39759","19b32e5e5a14da7196c829425d80c79360ddd64b399bcffb17d8ce14cb210664","5099","1"
"49604","a9cff1ca6d3697b7a43c9c1459e429ccb7aa0607bfd17b40e7e2526e448611ea","92789","1","0","0","1","FC","68407","pval.c_gen_prios.c","FC:snprintf","514","388","6d40d490d5ddf35752c78e5e3d5f8662b9355c13e3dad64fce5f234fa6c39759","19b32e5e5a14da7196c829425d80c79360ddd64b399bcffb17d8ce14cb210664","5099","1"
"49605","1effa5deb6eaf0a67d46b71e8bd0e6b33420a2d74c7bcf310a44907155ba4305","92790","1","0","0","1","FC","68408","pval.c_gen_prios.c","FC:strdup","515","389","6d40d490d5ddf35752c78e5e3d5f8662b9355c13e3dad64fce5f234fa6c39759","19b32e5e5a14da7196c829425d80c79360ddd64b399bcffb17d8ce14cb210664","5099","1"
"49606","3d396c781b61d0344136f9ade21921b949273720e9f395d966dc48a6c88badc5","92791","1","0","0","1","PU","68409","pval.c_gen_prios.c","PU","516","375","f309754b73f92fdb35c69a2d23c208683c44a59f5a50be154aaed7a586326380","59ee1372eea33da570c4b56c8c1c77d170106a8162d14cdcea225f56bae1300b","4895","1"
"49607","e3ac2f3eae51d415f40556319048f7e30e619e71cacbb33401a50877930629f6","92792","1","0","0","1","PU","68410","pval.c_gen_prios.c","PU","517","376","f309754b73f92fdb35c69a2d23c208683c44a59f5a50be154aaed7a586326380","59ee1372eea33da570c4b56c8c1c77d170106a8162d14cdcea225f56bae1300b","4895","1"
"49608","d7590eed7604efe95de0782d28eea2b174e69004802796ac453580f04a12d448","92793","1","0","0","1","PU","68411","pval.c_gen_prios.c","PU","520","378","f309754b73f92fdb35c69a2d23c208683c44a59f5a50be154aaed7a586326380","59ee1372eea33da570c4b56c8c1c77d170106a8162d14cdcea225f56bae1300b","4895","1"
"49609","ca13091c41e6241508ca0a023440d89fe8964103bb219d21ab84e0edfff0cd7c","92794","1","0","0","1","PU","68412","pval.c_gen_prios.c","PU","521","379","f309754b73f92fdb35c69a2d23c208683c44a59f5a50be154aaed7a586326380","59ee1372eea33da570c4b56c8c1c77d170106a8162d14cdcea225f56bae1300b","4895","1"
"49610","a153b8264927c78538773ce953e4c267403407b4295899e302d247b89dce2495","92795","1","0","0","1","FC","68413","pval.c_gen_prios.c","FC:snprintf","523","396","6d40d490d5ddf35752c78e5e3d5f8662b9355c13e3dad64fce5f234fa6c39759","19b32e5e5a14da7196c829425d80c79360ddd64b399bcffb17d8ce14cb210664","5099","1"
"49611","42efa77b3f83753de3202b78d950bc164358ebbaa0f74b48611ba508dadb131d","92796","1","0","0","1","FC","68414","pval.c_gen_prios.c","FC:strdup","524","397","6d40d490d5ddf35752c78e5e3d5f8662b9355c13e3dad64fce5f234fa6c39759","19b32e5e5a14da7196c829425d80c79360ddd64b399bcffb17d8ce14cb210664","5099","1"
"49612","ab2a4c320b39298a577e60cddf05420d0eafc1de52245e2a481161bcda2e85b8","92797","1","0","0","1","FC","68415","pval.c_gen_prios.c","FC:snprintf","525","398","6d40d490d5ddf35752c78e5e3d5f8662b9355c13e3dad64fce5f234fa6c39759","19b32e5e5a14da7196c829425d80c79360ddd64b399bcffb17d8ce14cb210664","5099","1"
"49613","104891cdc60fa0c5214ca323578c7aa0f23abe3fc0b6dce66574b66f21de4cc8","92798","1","0","0","1","PU","68416","pval.c_gen_prios.c","PU","526","384","f309754b73f92fdb35c69a2d23c208683c44a59f5a50be154aaed7a586326380","59ee1372eea33da570c4b56c8c1c77d170106a8162d14cdcea225f56bae1300b","4895","1"
"49614","0130e378363ae9c7d870c27c8f8ad8b6f3509d4a303d830ef695b5bfdf45dcec","92799","1","0","0","1","PU","68417","pval.c_gen_prios.c","PU","530","385","f309754b73f92fdb35c69a2d23c208683c44a59f5a50be154aaed7a586326380","59ee1372eea33da570c4b56c8c1c77d170106a8162d14cdcea225f56bae1300b","4895","1"
"49615","44e614873c0e5f29f1bf62935e04e87a3b60421ab4826644d1da3fc5b5f10dbd","92800","1","0","0","1","PU","68418","pval.c_gen_prios.c","PU","531","386","f309754b73f92fdb35c69a2d23c208683c44a59f5a50be154aaed7a586326380","59ee1372eea33da570c4b56c8c1c77d170106a8162d14cdcea225f56bae1300b","4895","1"
"49616","b501a44aba3467e76c900d2b145f7fc8815cb780f0074e40831520ef4d87c2a3","92801","1","0","0","1","PU","68419","pval.c_gen_prios.c","PU","535","387","f309754b73f92fdb35c69a2d23c208683c44a59f5a50be154aaed7a586326380","59ee1372eea33da570c4b56c8c1c77d170106a8162d14cdcea225f56bae1300b","4895","1"
"49617","71fdb4eee8205c7bb3e47f02a14ddebdae0706fbccb29c43c04cafb14403dbf8","92802","1","0","0","1","PU","68420","pval.c_gen_prios.c","PU","537","404","6d40d490d5ddf35752c78e5e3d5f8662b9355c13e3dad64fce5f234fa6c39759","19b32e5e5a14da7196c829425d80c79360ddd64b399bcffb17d8ce14cb210664","5099","1"
"49618","7f2d8f23c999e4fb69506d0fa6cc1c7de89806e74678f8ab86b6f4b04464ca27","92803","1","0","0","1","PU","68421","pval.c_gen_prios.c","PU","539","390","f309754b73f92fdb35c69a2d23c208683c44a59f5a50be154aaed7a586326380","59ee1372eea33da570c4b56c8c1c77d170106a8162d14cdcea225f56bae1300b","4895","1"
"49619","d26a382325b627c41177aadfb0ca7ce6025b5e526b9d50e6ab9c7fb85185cd46","92804","1","0","0","1","FC","68422","pval.c_gen_prios.c","FC:strdup","540","407","6d40d490d5ddf35752c78e5e3d5f8662b9355c13e3dad64fce5f234fa6c39759","19b32e5e5a14da7196c829425d80c79360ddd64b399bcffb17d8ce14cb210664","5099","1"
"49620","49f081727a2f7b689a865f1044594fa630cb65fd5d11bf2222586788e0c8dd7a","92805","1","0","0","1","FC","68423","pval.c_gen_prios.c","FC:snprintf","541","408","6d40d490d5ddf35752c78e5e3d5f8662b9355c13e3dad64fce5f234fa6c39759","19b32e5e5a14da7196c829425d80c79360ddd64b399bcffb17d8ce14cb210664","5099","1"
"49621","2814e6dd771857ae0174389f6eb467a7fb8034bd2beb5d399cbc296e5c42b884","92806","1","0","0","1","FC","68424","pval.c_gen_prios.c","FC:strdup","542","409","6d40d490d5ddf35752c78e5e3d5f8662b9355c13e3dad64fce5f234fa6c39759","19b32e5e5a14da7196c829425d80c79360ddd64b399bcffb17d8ce14cb210664","5099","1"
"49622","68853ef6d49fa5a51084174a3e301aac4d0c1a653534193aa444cca7e1bc6674","92807","1","0","0","1","PU","68425","pval.c_gen_prios.c","PU","544","411","6d40d490d5ddf35752c78e5e3d5f8662b9355c13e3dad64fce5f234fa6c39759","19b32e5e5a14da7196c829425d80c79360ddd64b399bcffb17d8ce14cb210664","5099","1"
"49623","e819f7cbaf3d8f8815a979ca6a640b2ff31d8f85b7d4fd3ab381211c60090064","92808","1","0","0","1","PU","68426","pval.c_gen_prios.c","PU","546","397","f309754b73f92fdb35c69a2d23c208683c44a59f5a50be154aaed7a586326380","59ee1372eea33da570c4b56c8c1c77d170106a8162d14cdcea225f56bae1300b","4895","1"
"49624","5167c8fed7dc1087eed4568d1ed5b6f9a0da392e02e6f065421a380ed992db94","92809","1","0","0","1","FC","68427","pval.c_gen_prios.c","FC:strdup","547","414","6d40d490d5ddf35752c78e5e3d5f8662b9355c13e3dad64fce5f234fa6c39759","19b32e5e5a14da7196c829425d80c79360ddd64b399bcffb17d8ce14cb210664","5099","1"
"49625","3b44c410512afdb31ae7edadad8466895545a7df2d70223f23a739eb59fba63e","92810","1","0","0","1","PU","68428","pval.c_gen_prios.c","PU","548","399","f309754b73f92fdb35c69a2d23c208683c44a59f5a50be154aaed7a586326380","59ee1372eea33da570c4b56c8c1c77d170106a8162d14cdcea225f56bae1300b","4895","1"
"49626","fce3ced2d01bb836069cf44747e16a05e8389244a52ee49a18dc5b23f6283189","92811","1","0","0","1","FC","68429","pval.c_gen_prios.c","FC:snprintf","549","416","6d40d490d5ddf35752c78e5e3d5f8662b9355c13e3dad64fce5f234fa6c39759","19b32e5e5a14da7196c829425d80c79360ddd64b399bcffb17d8ce14cb210664","5099","1"
"49627","3da6758b6242b14cb959ed414bd2df8a0b7a9e5da3098d3d21b2196d9ad1280a","92812","1","0","0","1","FC","68430","pval.c_gen_prios.c","FC:strdup","550","417","6d40d490d5ddf35752c78e5e3d5f8662b9355c13e3dad64fce5f234fa6c39759","19b32e5e5a14da7196c829425d80c79360ddd64b399bcffb17d8ce14cb210664","5099","1"
"49628","5324c60e0b18bb32bb9ba14db8f1a15e0d82dd5bad1a331a506afc87d942253c","92813","1","0","0","1","PU","68431","pval.c_gen_prios.c","PU","552","419","6d40d490d5ddf35752c78e5e3d5f8662b9355c13e3dad64fce5f234fa6c39759","19b32e5e5a14da7196c829425d80c79360ddd64b399bcffb17d8ce14cb210664","5099","1"
"49629","53976ff7bf83a7154a8be1e29d44a28c428341cfaa229d54d85e6967ba3e0455","92814","1","0","0","1","PU","68432","pval.c_gen_prios.c","PU","554","405","f309754b73f92fdb35c69a2d23c208683c44a59f5a50be154aaed7a586326380","59ee1372eea33da570c4b56c8c1c77d170106a8162d14cdcea225f56bae1300b","4895","1"
"49630","93cf4a6acaca52fe3cf0ebb4f819f3aff100b0ddaa244686f89dfca4934f6ef2","92815","1","0","0","1","FC","68433","pval.c_gen_prios.c","FC:strdup","555","422","6d40d490d5ddf35752c78e5e3d5f8662b9355c13e3dad64fce5f234fa6c39759","19b32e5e5a14da7196c829425d80c79360ddd64b399bcffb17d8ce14cb210664","5099","1"
"49631","3eec36b240f664115ca476037ea256058e5772efcb2536387399e4bba5770156","92816","1","0","0","1","FC","68434","pval.c_gen_prios.c","FC:snprintf","556","423","6d40d490d5ddf35752c78e5e3d5f8662b9355c13e3dad64fce5f234fa6c39759","19b32e5e5a14da7196c829425d80c79360ddd64b399bcffb17d8ce14cb210664","5099","1"
"49632","333f8917bf1d7de079449c86fc0a003d1cfb92c8d680ee2f0614216c51eaff45","92817","1","0","0","1","FC","68435","pval.c_gen_prios.c","FC:strdup","557","424","6d40d490d5ddf35752c78e5e3d5f8662b9355c13e3dad64fce5f234fa6c39759","19b32e5e5a14da7196c829425d80c79360ddd64b399bcffb17d8ce14cb210664","5099","1"
"49633","92ac092299a99a283ea6f7db85adf752b7ef96e83a33f6cb605855232d87c63b","92818","1","0","0","1","PU","68436","pval.c_gen_prios.c","PU","559","410","f309754b73f92fdb35c69a2d23c208683c44a59f5a50be154aaed7a586326380","59ee1372eea33da570c4b56c8c1c77d170106a8162d14cdcea225f56bae1300b","4895","1"
"49634","78b1f958d93b683f2079c093f37717c6c32cd52f2a4d5c33aa7b3c1306404bd3","92819","1","0","0","1","PU","68437","pval.c_gen_prios.c","PU","561","412","f309754b73f92fdb35c69a2d23c208683c44a59f5a50be154aaed7a586326380","59ee1372eea33da570c4b56c8c1c77d170106a8162d14cdcea225f56bae1300b","4895","1"
"49635","2fed50f5989e9a57a6ef71dd2fc096fc093593765593f526f8220ed36936ff40","92820","1","0","0","1","PU","68438","pval.c_gen_prios.c","PU","562","413","f309754b73f92fdb35c69a2d23c208683c44a59f5a50be154aaed7a586326380","59ee1372eea33da570c4b56c8c1c77d170106a8162d14cdcea225f56bae1300b","4895","1"
"49636","c413b34681feb2115ccdaff8471ae52719217dc2897ee4eb3c5bf4b02f37d32e","92821","1","0","0","1","FC","68439","pval.c_gen_prios.c","FC:strdup","563","430","6d40d490d5ddf35752c78e5e3d5f8662b9355c13e3dad64fce5f234fa6c39759","19b32e5e5a14da7196c829425d80c79360ddd64b399bcffb17d8ce14cb210664","5099","1"
"49637","bfc4de2ff2eae5609dbcdffe87e2bb958c7d2542cd695ee560c2c7de416c6b67","92822","1","0","0","1","PU","68440","pval.c_gen_prios.c","PU","567","432","6d40d490d5ddf35752c78e5e3d5f8662b9355c13e3dad64fce5f234fa6c39759","19b32e5e5a14da7196c829425d80c79360ddd64b399bcffb17d8ce14cb210664","5099","1"
"49638","2ec96bbfbb17ae4a11a3273632109c3a3cc5a2b415e8efdaa669ff75e19f8310","92823","1","0","0","1","PU","68441","pval.c_gen_prios.c","PU","570","418","f309754b73f92fdb35c69a2d23c208683c44a59f5a50be154aaed7a586326380","59ee1372eea33da570c4b56c8c1c77d170106a8162d14cdcea225f56bae1300b","4895","1"
"49639","0845946210e51d3b62002cffc466d71e0e81dab30c2f130a00521d5f4e9a450f","92824","1","0","0","1","FC","68442","pval.c_gen_prios.c","FC:strdup","571","435","6d40d490d5ddf35752c78e5e3d5f8662b9355c13e3dad64fce5f234fa6c39759","19b32e5e5a14da7196c829425d80c79360ddd64b399bcffb17d8ce14cb210664","5099","1"
"49640","59d69dbe00a1ca6c6565c475ac054d991dbd83ca8c0822f842fc8fd446a3e4b0","92825","1","0","0","1","FC","68443","pval.c_gen_prios.c","FC:snprintf","572","436","6d40d490d5ddf35752c78e5e3d5f8662b9355c13e3dad64fce5f234fa6c39759","19b32e5e5a14da7196c829425d80c79360ddd64b399bcffb17d8ce14cb210664","5099","1"
"49641","987352b7a4f2877e0e7cfbc7a63f7ec075607e99a43e4f196cefaee951b65989","92826","1","0","0","1","FC","68444","pval.c_gen_prios.c","FC:strdup","573","437","6d40d490d5ddf35752c78e5e3d5f8662b9355c13e3dad64fce5f234fa6c39759","19b32e5e5a14da7196c829425d80c79360ddd64b399bcffb17d8ce14cb210664","5099","1"
"49642","5c7b097009acb0aa2cc80a28b28146c2fe4d2968684b405a72601de06113efc1","92827","1","0","0","1","PU","68445","pval.c_gen_prios.c","PU","575","423","f309754b73f92fdb35c69a2d23c208683c44a59f5a50be154aaed7a586326380","59ee1372eea33da570c4b56c8c1c77d170106a8162d14cdcea225f56bae1300b","4895","1"
"49643","a4506b18e4adbb40b3ca731b4662971b253a2ae631cd4bd9bd665bdd8469ab7c","92828","1","0","0","1","PU","68446","pval.c_gen_prios.c","PU","581","424","f309754b73f92fdb35c69a2d23c208683c44a59f5a50be154aaed7a586326380","59ee1372eea33da570c4b56c8c1c77d170106a8162d14cdcea225f56bae1300b","4895","1"
"49644","62edbcce6b47aa3ae407274fdc6b64811309e467343d8d14b1304fe671a0963d","92829","1","0","0","1","PU","68447","pval.c_gen_prios.c","PU","582","425","f309754b73f92fdb35c69a2d23c208683c44a59f5a50be154aaed7a586326380","59ee1372eea33da570c4b56c8c1c77d170106a8162d14cdcea225f56bae1300b","4895","1"
"49645","bb8194c4e3959396a1781c48531be6840f34dfe6d025848a1a8ae97f1dc4ffdc","92830","1","0","0","1","PU","68448","pval.c_gen_prios.c","PU","583","426","f309754b73f92fdb35c69a2d23c208683c44a59f5a50be154aaed7a586326380","59ee1372eea33da570c4b56c8c1c77d170106a8162d14cdcea225f56bae1300b","4895","1"
"49646","5520ab2dd11cf98bc874e549ccffb4613f2fb64ae54cd373ad60fa82383c75c4","92831","1","0","0","1","PU","68449","pval.c_gen_prios.c","PU","584","427","01f04b220f6399ccdc0453b488941227f8dc0a148f9d179f92c56239e4b51925","df34615e3136776766609551f7c229e7c82df4d5e7a039324339bec47c280ff0","4901","1"
"49647","b001ccc109f397fbfd2973af958f04de53236a62cf290316d6715d779d0de530","92832","1","0","0","1","PU","68450","pval.c_gen_prios.c","PU","588","428","f309754b73f92fdb35c69a2d23c208683c44a59f5a50be154aaed7a586326380","59ee1372eea33da570c4b56c8c1c77d170106a8162d14cdcea225f56bae1300b","4895","1"
"49648","2ea028daff386554f7d5da4e09867a97e6b5c738c9ca92a499c054d1b101e901","92833","1","0","0","1","FC","68451","pval.c_gen_prios.c","FC:snprintf","589","446","6d40d490d5ddf35752c78e5e3d5f8662b9355c13e3dad64fce5f234fa6c39759","19b32e5e5a14da7196c829425d80c79360ddd64b399bcffb17d8ce14cb210664","5099","1"
"49649","fee9170ba2e47d22bc9dd4f5a58b6c52af2988f772b19982b1b4ad57cc58a976","92834","1","0","0","1","PU","68452","pval.c_gen_prios.c","PU","591","431","f309754b73f92fdb35c69a2d23c208683c44a59f5a50be154aaed7a586326380","59ee1372eea33da570c4b56c8c1c77d170106a8162d14cdcea225f56bae1300b","4895","1"
"49650","e6bc42b906eb8b8427f57ea750b5c42ae03eddf2e9d306f06c8c3021d384cc5f","92835","1","0","0","1","FC","68453","pval.c_gen_prios.c","FC:strcat","594","450","6d40d490d5ddf35752c78e5e3d5f8662b9355c13e3dad64fce5f234fa6c39759","19b32e5e5a14da7196c829425d80c79360ddd64b399bcffb17d8ce14cb210664","5099","1"
"49651","6eb1c4a1910bb311c87af6f3ff2948322b3343d36437b7792e29b447b760350b","92836","1","0","0","1","FC","68454","pval.c_gen_prios.c","FC:strcat","598","452","6d40d490d5ddf35752c78e5e3d5f8662b9355c13e3dad64fce5f234fa6c39759","19b32e5e5a14da7196c829425d80c79360ddd64b399bcffb17d8ce14cb210664","5099","1"
"49652","bd42d871f48af6ae4e99904a531c9849b02389efe0959d49c0401bb2654d7ced","92837","1","0","0","1","FC","68455","pval.c_gen_prios.c","FC:strcat","599","453","6d40d490d5ddf35752c78e5e3d5f8662b9355c13e3dad64fce5f234fa6c39759","19b32e5e5a14da7196c829425d80c79360ddd64b399bcffb17d8ce14cb210664","5099","1"
"49653","0b889057585f23d9816280b0d979590f9176a56194447f9bf562b7f2a384fa38","92838","1","0","0","1","FC","68456","pval.c_gen_prios.c","FC:strcat","602","455","6d40d490d5ddf35752c78e5e3d5f8662b9355c13e3dad64fce5f234fa6c39759","19b32e5e5a14da7196c829425d80c79360ddd64b399bcffb17d8ce14cb210664","5099","1"
"49654","4af3ae7024790b88fafda5b04d76aba818bd16e508017b145644e5bf47b8dce4","92839","1","0","0","1","FC","68457","pval.c_gen_prios.c","FC:strdup","603","456","6d40d490d5ddf35752c78e5e3d5f8662b9355c13e3dad64fce5f234fa6c39759","19b32e5e5a14da7196c829425d80c79360ddd64b399bcffb17d8ce14cb210664","5099","1"
"49655","0dbef0611fa19c9653cfc1bc7bef354e37fc5a9a81d1123c0f87e809bf8611d2","92840","1","0","0","1","FC","68458","pval.c_gen_prios.c","FC:strdup","604","457","6d40d490d5ddf35752c78e5e3d5f8662b9355c13e3dad64fce5f234fa6c39759","19b32e5e5a14da7196c829425d80c79360ddd64b399bcffb17d8ce14cb210664","5099","1"
"49656","5260657bf53854c1716dfbe02f4ea1d3eee0d69b7241b8c1d37ccb6ebe0ac910","92841","1","0","0","1","PU","68459","pval.c_gen_prios.c","PU","605","441","f309754b73f92fdb35c69a2d23c208683c44a59f5a50be154aaed7a586326380","59ee1372eea33da570c4b56c8c1c77d170106a8162d14cdcea225f56bae1300b","4895","1"
"49657","6afba3fe26f0dfdb613bec7f3d8930c556bf89c1f7a7990461d59dfd36d0535c","92842","1","0","0","1","PU","68460","pval.c_gen_prios.c","PU","610","444","f309754b73f92fdb35c69a2d23c208683c44a59f5a50be154aaed7a586326380","59ee1372eea33da570c4b56c8c1c77d170106a8162d14cdcea225f56bae1300b","4895","1"
"49658","56d942c6e409a126a82a3a551d03a92b3646a830c6706bba49589f3c9b52701f","92843","1","0","0","1","AU","68461","pval.c_gen_prios.c","AU","611","445","f309754b73f92fdb35c69a2d23c208683c44a59f5a50be154aaed7a586326380","59ee1372eea33da570c4b56c8c1c77d170106a8162d14cdcea225f56bae1300b","4895","1"
"49659","99a1b547d71df41d0582fadde895c2f53d529c7bb22543a8b7c7933fb9264570","92844","1","0","0","1","PU","68462","pval.c_gen_prios.c","PU","612","446","f309754b73f92fdb35c69a2d23c208683c44a59f5a50be154aaed7a586326380","59ee1372eea33da570c4b56c8c1c77d170106a8162d14cdcea225f56bae1300b","4895","1"
"49660","091ab80262825b110656c8db6a16faba4b31057231c5ef20a8ed779de2828aef","92845","1","0","0","1","PU","68463","pval.c_gen_prios.c","PU","613","447","f309754b73f92fdb35c69a2d23c208683c44a59f5a50be154aaed7a586326380","59ee1372eea33da570c4b56c8c1c77d170106a8162d14cdcea225f56bae1300b","4895","1"
"49661","4d825d661bb139bc6a3161f3cae92bf2c401974236ab45855dfc95cac3ef8b29","92846","1","0","0","1","FC","68464","pval.c_gen_prios.c","FC:strcat","614","465","6d40d490d5ddf35752c78e5e3d5f8662b9355c13e3dad64fce5f234fa6c39759","19b32e5e5a14da7196c829425d80c79360ddd64b399bcffb17d8ce14cb210664","5099","1"
"49662","7b193d158a358c5c25bd91a1081f236a9391fdf109a8c04ec68b41fc2ab0f3ad","92847","1","0","0","1","FC","68465","pval.c_gen_prios.c","FC:strcat","615","466","6d40d490d5ddf35752c78e5e3d5f8662b9355c13e3dad64fce5f234fa6c39759","19b32e5e5a14da7196c829425d80c79360ddd64b399bcffb17d8ce14cb210664","5099","1"
"49663","b3fe8547c6399d6e272b06dbfb3a5b29090971e949cbb91012ad1ba43d33e74a","92848","1","0","0","1","FC","68466","pval.c_gen_prios.c","FC:strdup","617","467","6d40d490d5ddf35752c78e5e3d5f8662b9355c13e3dad64fce5f234fa6c39759","19b32e5e5a14da7196c829425d80c79360ddd64b399bcffb17d8ce14cb210664","5099","1"
"49664","3d66290f653e623f19d200cf91669682cec4d201819ff7f16fade0eb081fc261","92849","1","0","0","1","FC","68467","pval.c_gen_prios.c","FC:strdup","618","468","6d40d490d5ddf35752c78e5e3d5f8662b9355c13e3dad64fce5f234fa6c39759","19b32e5e5a14da7196c829425d80c79360ddd64b399bcffb17d8ce14cb210664","5099","1"
"49665","7bd365a97a1c81978fe3eaf6063f1dac542f05953f7e83078ed65de642d4aa72","92850","1","0","0","1","PU","68468","pval.c_gen_prios.c","PU","619","452","f309754b73f92fdb35c69a2d23c208683c44a59f5a50be154aaed7a586326380","59ee1372eea33da570c4b56c8c1c77d170106a8162d14cdcea225f56bae1300b","4895","1"
"49666","016b54ace6d73a36ab9e513abb798b331df7c15c0396c532cebe1cd757383ae4","92851","1","0","0","1","PU","68469","pval.c_gen_prios.c","PU","624","455","f309754b73f92fdb35c69a2d23c208683c44a59f5a50be154aaed7a586326380","59ee1372eea33da570c4b56c8c1c77d170106a8162d14cdcea225f56bae1300b","4895","1"
"49667","d7a69e27123a1fc683f01b8fa5337e32cd7c4db59bae47fe4644fc675db75fed","92852","1","0","0","1","PU","68470","pval.c_gen_prios.c","PU","625","456","f309754b73f92fdb35c69a2d23c208683c44a59f5a50be154aaed7a586326380","59ee1372eea33da570c4b56c8c1c77d170106a8162d14cdcea225f56bae1300b","4895","1"
"49668","f451028d907867f7abd064ca474d6c6340e21b1e071b7df7cf0ba9f05ff968e3","92853","1","0","0","1","PU","68471","pval.c_gen_prios.c","PU","626","457","f309754b73f92fdb35c69a2d23c208683c44a59f5a50be154aaed7a586326380","59ee1372eea33da570c4b56c8c1c77d170106a8162d14cdcea225f56bae1300b","4895","1"
"49669","02b999e5ca33f32f3d82c1725328c4ea3f4895a206921e1f5ed44f6b54ac46ff","92854","1","0","0","1","PU","68472","pval.c_gen_prios.c","PU","631","460","f309754b73f92fdb35c69a2d23c208683c44a59f5a50be154aaed7a586326380","59ee1372eea33da570c4b56c8c1c77d170106a8162d14cdcea225f56bae1300b","4895","1"
"49670","a24080d597d78de4b38090a3613636b2dcfdbb17642b2959b0c9fbef31091e1b","92855","1","0","0","1","FC","68473","pval.c_gen_prios.c","FC:strdup","633","478","6d40d490d5ddf35752c78e5e3d5f8662b9355c13e3dad64fce5f234fa6c39759","19b32e5e5a14da7196c829425d80c79360ddd64b399bcffb17d8ce14cb210664","5099","1"
"49671","183c07b56a0b2ac0b9fc0eca726764aa527bd8aeac5ac47725524affaebc74e6","92856","1","0","0","1","FC","68474","pval.c_gen_prios.c","FC:strdup","634","479","6d40d490d5ddf35752c78e5e3d5f8662b9355c13e3dad64fce5f234fa6c39759","19b32e5e5a14da7196c829425d80c79360ddd64b399bcffb17d8ce14cb210664","5099","1"
"49672","2a412007b1407b391d4fd8c0037775a644d3374dedf66f915738bb120189ba54","92857","1","0","0","1","PU","68475","pval.c_gen_prios.c","PU","635","463","f309754b73f92fdb35c69a2d23c208683c44a59f5a50be154aaed7a586326380","59ee1372eea33da570c4b56c8c1c77d170106a8162d14cdcea225f56bae1300b","4895","1"
"49673","6f12b02b510ffe4fd9e94399b1e6092e6ebc5207bc4495d1202ba643f92d9d66","92858","1","0","0","1","PU","68476","pval.c_gen_prios.c","PU","640","466","f309754b73f92fdb35c69a2d23c208683c44a59f5a50be154aaed7a586326380","59ee1372eea33da570c4b56c8c1c77d170106a8162d14cdcea225f56bae1300b","4895","1"
"49674","b67a9757460ee15060329e600e6f407816ef0252b60eab6aaa54768ea2ec64a5","92859","1","0","0","1","PU","68477","pval.c_gen_prios.c","PU","641","467","f309754b73f92fdb35c69a2d23c208683c44a59f5a50be154aaed7a586326380","59ee1372eea33da570c4b56c8c1c77d170106a8162d14cdcea225f56bae1300b","4895","1"
"49675","fe36d01948ce5a30e954502e9a91b591de5336d486234c53defee83b4d332821","92860","1","0","0","1","PU","68478","pval.c_gen_prios.c","PU","642","468","f309754b73f92fdb35c69a2d23c208683c44a59f5a50be154aaed7a586326380","59ee1372eea33da570c4b56c8c1c77d170106a8162d14cdcea225f56bae1300b","4895","1"
"49676","6ebdd0b3cb8b8f56e56fd1d5268f27c2a6e143b0c0e8ae436a4a09940994957a","92861","1","0","0","1","AE","68479","pval.c_gen_prios.c","AE","646","487","6d40d490d5ddf35752c78e5e3d5f8662b9355c13e3dad64fce5f234fa6c39759","19b32e5e5a14da7196c829425d80c79360ddd64b399bcffb17d8ce14cb210664","5099","1"
"49677","03f848661a3a887a53c143b039091828c222abd3dd899df7c1c32abd0c854579","92862","1","0","0","1","FC","68480","pval.c_gen_prios.c","FC:snprintf","647","488","6d40d490d5ddf35752c78e5e3d5f8662b9355c13e3dad64fce5f234fa6c39759","19b32e5e5a14da7196c829425d80c79360ddd64b399bcffb17d8ce14cb210664","5099","1"
"49678","f7c3210bb32bf2d4a9a6642422d2480f71bf7039ba6b08077223e914606b5559","92863","1","0","0","1","PU","68481","pval.c_gen_prios.c","PU","649","473","f309754b73f92fdb35c69a2d23c208683c44a59f5a50be154aaed7a586326380","59ee1372eea33da570c4b56c8c1c77d170106a8162d14cdcea225f56bae1300b","4895","1"
"49679","90f076222ec4ed0e23bc5aa85f3fab1548298713f4b2abe24abf449fb08beafb","92864","1","0","0","1","PU","68482","pval.c_gen_prios.c","PU","651","474","81a7c040ff4cf9570328e0979b4a9311c2f94aeec60571342c0708d1806a5839","042d740a995e447f43beccdda946b6ab8ac7c19a0e6e65c4f818fd7381288558","4905","1"
"49680","e6d7665ace064d46a76a9296b4296e18fe284b7a67421ad4da91fc5f0b4152b1","92865","1","0","0","1","PU","68483","pval.c_gen_prios.c","PU","652","474","11b39db92c18b84b904d1b571eb1d93800610243134fd02838cdb3da020c95ed","19c16949d1095434637b21ac7b85bdb96968ee03ec9a0f82b057e9b973348d11","4907","1"
"49681","38a72b6ddba37cc6f83601d07d5dc2ce8ad69021de22ec67a2708e92360be928","92866","1","0","0","1","PU","68484","pval.c_gen_prios.c","PU","653","474","3e2f7999a1ebb0cf4aa9a153f226dbc34a4c84808ef03e67e0fface715c45bbe","42f5195f1a835a39e43406b87ea9b3a03542e318ea9d2d3bf948be7c3660ce07","4909","1"
"49682","70a2cf8ff494c48d2198f72c6fb52f252699b1c5fa0c6a1e6c6522595484176d","92867","1","0","0","1","PU","68485","pval.c_gen_prios.c","PU","654","474","063ef21acbf26913626cc9b5b9e9b9dd0b7e1cef9c8fc87809210901bd392c9f","711f0d0065e35c186eb405dee6bbd68b4cf401f1c134ecc6f6960cd6ef47b3a4","4912","1"
"49683","0545f06f19996722f69111a1c981e2c4a00929f90b3891c2730ba4ca2ee84324","92868","1","0","0","1","PU","68486","pval.c_gen_prios.c","PU","655","474","f309754b73f92fdb35c69a2d23c208683c44a59f5a50be154aaed7a586326380","59ee1372eea33da570c4b56c8c1c77d170106a8162d14cdcea225f56bae1300b","4895","1"
"49684","83bce92013e0bb21ba6d960c4f53514559791c77ff3a8a5d16d47e59381afd7a","92869","1","0","0","1","FC","68487","pval.c_gen_prios.c","FC:strdup","656","496","6d40d490d5ddf35752c78e5e3d5f8662b9355c13e3dad64fce5f234fa6c39759","19b32e5e5a14da7196c829425d80c79360ddd64b399bcffb17d8ce14cb210664","5099","1"
"49685","bdd20f76a501713d9c2c42010b3520eff726f9ad1f16c75d5699ffcba867ddbe","92870","1","0","0","1","PU","68488","pval.c_gen_prios.c","PU","657","476","f309754b73f92fdb35c69a2d23c208683c44a59f5a50be154aaed7a586326380","59ee1372eea33da570c4b56c8c1c77d170106a8162d14cdcea225f56bae1300b","4895","1"
"49686","3cbe2a76d5818f3bee4005c0738fc02a81c3c36de966cf63407c320853d67962","92871","1","0","0","1","PU","68489","pval.c_gen_prios.c","PU","659","478","f309754b73f92fdb35c69a2d23c208683c44a59f5a50be154aaed7a586326380","59ee1372eea33da570c4b56c8c1c77d170106a8162d14cdcea225f56bae1300b","4895","1"
"49687","d3c7a6aac4cad5d55627eb4028193f26b2d294db5bd04526ef57d1dbbc10061c","92872","1","0","0","1","FC","68490","pval.c_gen_prios.c","FC:snprintf","660","500","6d40d490d5ddf35752c78e5e3d5f8662b9355c13e3dad64fce5f234fa6c39759","19b32e5e5a14da7196c829425d80c79360ddd64b399bcffb17d8ce14cb210664","5099","1"
"49688","7079a34b5ff4a6cb8ff603af027d731ddb274fafaa01d137320931e70305aea7","92873","1","0","0","1","FC","68491","pval.c_gen_prios.c","FC:strdup","661","501","6d40d490d5ddf35752c78e5e3d5f8662b9355c13e3dad64fce5f234fa6c39759","19b32e5e5a14da7196c829425d80c79360ddd64b399bcffb17d8ce14cb210664","5099","1"
"49689","511933fb51109fc3695d69f4b025341539b78d2ff5460e6a70c3b7819323bb8b","92874","1","0","0","1","FC","68492","pval.c_gen_prios.c","FC:strdup","662","502","6d40d490d5ddf35752c78e5e3d5f8662b9355c13e3dad64fce5f234fa6c39759","19b32e5e5a14da7196c829425d80c79360ddd64b399bcffb17d8ce14cb210664","5099","1"
"49690","0c0ff120b492519b478ceed29f889dfea97bd8d41a991ac7653ca6f748353b4e","92875","1","0","0","1","PU","68493","pval.c_gen_prios.c","PU","663","482","f309754b73f92fdb35c69a2d23c208683c44a59f5a50be154aaed7a586326380","59ee1372eea33da570c4b56c8c1c77d170106a8162d14cdcea225f56bae1300b","4895","1"
"49691","3e7a620b702eaf2fd494563d06b05ff73cd79f8643c3e520e639b66f55faedcf","92876","1","0","0","1","PU","68494","pval.c_gen_prios.c","PU","665","484","f309754b73f92fdb35c69a2d23c208683c44a59f5a50be154aaed7a586326380","59ee1372eea33da570c4b56c8c1c77d170106a8162d14cdcea225f56bae1300b","4895","1"
"49692","398fa226e3c93b5c048d6ca45bcc38a606a74d7ea406141874c0d8e0b3b84ba7","92877","1","0","0","1","PU","68495","pval.c_gen_prios.c","PU","666","485","f309754b73f92fdb35c69a2d23c208683c44a59f5a50be154aaed7a586326380","59ee1372eea33da570c4b56c8c1c77d170106a8162d14cdcea225f56bae1300b","4895","1"
"49693","a05f5c67210664c703b8037692a1925e40e4eb7158ae0c545deac667e4876692","92878","1","0","0","1","PU","68496","pval.c_gen_prios.c","PU","667","486","f309754b73f92fdb35c69a2d23c208683c44a59f5a50be154aaed7a586326380","59ee1372eea33da570c4b56c8c1c77d170106a8162d14cdcea225f56bae1300b","4895","1"
"49694","1daf81cf43ef426df744d04340c1e70706c9a3ff46a6f92adc0048c23285c935","92879","1","0","0","1","PU","68497","pval.c_gen_prios.c","PU","670","488","f309754b73f92fdb35c69a2d23c208683c44a59f5a50be154aaed7a586326380","59ee1372eea33da570c4b56c8c1c77d170106a8162d14cdcea225f56bae1300b","4895","1"
"49695","cfa68b359201d72a8cd969dbb146d588e3563090363ae7bdce559e7a2afd96b0","92880","1","0","0","1","PU","68498","pval.c_gen_prios.c","PU","673","490","f309754b73f92fdb35c69a2d23c208683c44a59f5a50be154aaed7a586326380","59ee1372eea33da570c4b56c8c1c77d170106a8162d14cdcea225f56bae1300b","4895","1"
"49696","647277ff8d7dff2b26c6f9ad16307f7c6c80e07aab2a8f9535c74909cd2116e2","92881","1","0","0","1","PU","68499","pval.c_gen_prios.c","PU","674","491","f309754b73f92fdb35c69a2d23c208683c44a59f5a50be154aaed7a586326380","59ee1372eea33da570c4b56c8c1c77d170106a8162d14cdcea225f56bae1300b","4895","1"
"49697","00c592fd1b385a7c71f7481c16c377b69c17dca8d99885959eec0520988f891c","92882","1","0","0","1","PU","68500","pval.c_gen_prios.c","PU","675","492","f309754b73f92fdb35c69a2d23c208683c44a59f5a50be154aaed7a586326380","59ee1372eea33da570c4b56c8c1c77d170106a8162d14cdcea225f56bae1300b","4895","1"
"49698","ac79e36edebe7e65662cdd20bf8b6825183ed878514248da046b50e280f57d27","92883","1","0","0","1","PU","68501","pval.c_gen_prios.c","PU","677","493","f309754b73f92fdb35c69a2d23c208683c44a59f5a50be154aaed7a586326380","59ee1372eea33da570c4b56c8c1c77d170106a8162d14cdcea225f56bae1300b","4895","1"
"49699","ec6b22b67fc523b9c9443263de5de10623e807d20378ddf2f1e2ad21c40045c4","92884","1","0","0","1","PU","68502","pval.c_gen_prios.c","PU","683","496","f309754b73f92fdb35c69a2d23c208683c44a59f5a50be154aaed7a586326380","59ee1372eea33da570c4b56c8c1c77d170106a8162d14cdcea225f56bae1300b","4895","1"
"49700","29df61c1e69efeb0a5c743a4ad6513f5d6e006114fc40b480ebb73e1c3d5d281","92885","1","0","0","1","PU","68503","pval.c_gen_prios.c","PU","686","497","f309754b73f92fdb35c69a2d23c208683c44a59f5a50be154aaed7a586326380","59ee1372eea33da570c4b56c8c1c77d170106a8162d14cdcea225f56bae1300b","4895","1"
"49701","cc4da59edd6297f7f9d52d63000cf33302fcbbdc6cd09c14777e9c27d5eb1c19","92886","1","0","0","1","PU","68504","pval.c_gen_prios.c","PU","688","499","f309754b73f92fdb35c69a2d23c208683c44a59f5a50be154aaed7a586326380","59ee1372eea33da570c4b56c8c1c77d170106a8162d14cdcea225f56bae1300b","4895","1"
"49702","feb17044a3c7eeb2988a84d4cbbf2459fb16cd622c21b602f089ce8d33304fa4","92887","1","0","0","1","AE","68505","pval.c_gen_prios.c","AE","696","524","6d40d490d5ddf35752c78e5e3d5f8662b9355c13e3dad64fce5f234fa6c39759","19b32e5e5a14da7196c829425d80c79360ddd64b399bcffb17d8ce14cb210664","5099","1"
"49703","60773cf3586fad174c5c7ad69736f2679dabdedd4de2b80939165db11bf26cf2","92888","1","0","0","1","FC","68506","pval.c_gen_prios.c","FC:snprintf","697","525","6d40d490d5ddf35752c78e5e3d5f8662b9355c13e3dad64fce5f234fa6c39759","19b32e5e5a14da7196c829425d80c79360ddd64b399bcffb17d8ce14cb210664","5099","1"
"49704","9a040cf2078a2f0091d9cb60772024f39480374cfe0ab5b0076d50730efad786","92889","1","0","0","1","PU","68507","pval.c_gen_prios.c","PU","700","505","f309754b73f92fdb35c69a2d23c208683c44a59f5a50be154aaed7a586326380","59ee1372eea33da570c4b56c8c1c77d170106a8162d14cdcea225f56bae1300b","4895","1"
"49705","3706c9b8263797b921c5d24fdceef92bdf2b3eb492b6e8caaf94c68c47c18446","92890","1","0","0","1","PU","68508","pval.c_gen_prios.c","PU","701","506","f309754b73f92fdb35c69a2d23c208683c44a59f5a50be154aaed7a586326380","59ee1372eea33da570c4b56c8c1c77d170106a8162d14cdcea225f56bae1300b","4895","1"
"49706","cbfa5c2e1a9d117f08b68472cfb306fbacd5997b6572d2b6acbac0d247c58570","92891","1","0","0","1","PU","68509","pval.c_gen_prios.c","PU","702","507","f309754b73f92fdb35c69a2d23c208683c44a59f5a50be154aaed7a586326380","59ee1372eea33da570c4b56c8c1c77d170106a8162d14cdcea225f56bae1300b","4895","1"
"49707","393b976030062f6495c81e2af4eac37e396c47dc3dc7c9ec955baef359ae6075","92892","1","0","0","1","FC","68510","pval.c_gen_prios.c","FC:snprintf","703","531","6d40d490d5ddf35752c78e5e3d5f8662b9355c13e3dad64fce5f234fa6c39759","19b32e5e5a14da7196c829425d80c79360ddd64b399bcffb17d8ce14cb210664","5099","1"
"49708","1997c7dbc4b5da4d4be6baded039bb076a07afacc1c3a84ef12a59c4813e1b96","92893","1","0","0","1","FC","68511","pval.c_gen_prios.c","FC:snprintf","705","532","6d40d490d5ddf35752c78e5e3d5f8662b9355c13e3dad64fce5f234fa6c39759","19b32e5e5a14da7196c829425d80c79360ddd64b399bcffb17d8ce14cb210664","5099","1"
"49709","f80e8fdec88c59d4ef8edf5750ac897a1e6e9e1aed65676632ed05bc5b7151f6","92894","1","0","0","1","PU","68512","pval.c_gen_prios.c","PU","706","510","f309754b73f92fdb35c69a2d23c208683c44a59f5a50be154aaed7a586326380","59ee1372eea33da570c4b56c8c1c77d170106a8162d14cdcea225f56bae1300b","4895","1"
"49710","2b141dea8bcb55091325c4f025e4f363ffaaefc65ff7e46bc613d8e8a932e619","92895","1","0","0","1","FC","68513","pval.c_gen_prios.c","FC:strdup","707","534","6d40d490d5ddf35752c78e5e3d5f8662b9355c13e3dad64fce5f234fa6c39759","19b32e5e5a14da7196c829425d80c79360ddd64b399bcffb17d8ce14cb210664","5099","1"
"49711","3069469b1a30a58d6c9f0645c590292f1bee7e573b6fda0edb1f4acf1783f51d","92896","1","0","0","1","FC","68514","pval.c_gen_prios.c","FC:snprintf","708","535","6d40d490d5ddf35752c78e5e3d5f8662b9355c13e3dad64fce5f234fa6c39759","19b32e5e5a14da7196c829425d80c79360ddd64b399bcffb17d8ce14cb210664","5099","1"
"49712","d523bb44b2f514f3f90f93cb674f170c0e281047908ef82540803af1d0f1b28b","92897","1","0","0","1","FC","68515","pval.c_gen_prios.c","FC:strdup","709","536","6d40d490d5ddf35752c78e5e3d5f8662b9355c13e3dad64fce5f234fa6c39759","19b32e5e5a14da7196c829425d80c79360ddd64b399bcffb17d8ce14cb210664","5099","1"
"49713","30bd46162db73a9c2f07e9808a7d97d397c3262b29d4289da81250588020f83b","92898","1","0","0","1","FC","68516","pval.c_gen_prios.c","FC:strdup","710","537","6d40d490d5ddf35752c78e5e3d5f8662b9355c13e3dad64fce5f234fa6c39759","19b32e5e5a14da7196c829425d80c79360ddd64b399bcffb17d8ce14cb210664","5099","1"
"49714","b9faf2f4f556de118aa2b6b5c1c4d86eee1f6eed6e52c105be7b8cf507c4c4f0","92899","1","0","0","1","PU","68517","pval.c_gen_prios.c","PU","711","515","f309754b73f92fdb35c69a2d23c208683c44a59f5a50be154aaed7a586326380","59ee1372eea33da570c4b56c8c1c77d170106a8162d14cdcea225f56bae1300b","4895","1"
"49715","c86acb69fa58256aeb8e8ff33022c772e2c16698038be53f9104bb6c762cc6ad","92900","1","0","0","1","PU","68518","pval.c_gen_prios.c","PU","712","516","f309754b73f92fdb35c69a2d23c208683c44a59f5a50be154aaed7a586326380","59ee1372eea33da570c4b56c8c1c77d170106a8162d14cdcea225f56bae1300b","4895","1"
"49716","f93f9d4c3307c80f7dd84c807e80738104cbe954e3bf7c18fea507ed6fbc974e","92901","1","0","0","1","PU","68519","pval.c_gen_prios.c","PU","714","518","f309754b73f92fdb35c69a2d23c208683c44a59f5a50be154aaed7a586326380","59ee1372eea33da570c4b56c8c1c77d170106a8162d14cdcea225f56bae1300b","4895","1"
"49717","fc8f7d0514411df9c8f05139fdc9ea54fd3a609e84daefb9bdcf1102df4490d9","92902","1","0","0","1","PU","68520","pval.c_gen_prios.c","PU","715","519","f309754b73f92fdb35c69a2d23c208683c44a59f5a50be154aaed7a586326380","59ee1372eea33da570c4b56c8c1c77d170106a8162d14cdcea225f56bae1300b","4895","1"
"49718","f504447fd1f4a3cb578471df1fe3c74309b19dae6fe6b3450dbb6b5f64fad184","92903","1","0","0","1","PU","68521","pval.c_gen_prios.c","PU","716","520","f309754b73f92fdb35c69a2d23c208683c44a59f5a50be154aaed7a586326380","59ee1372eea33da570c4b56c8c1c77d170106a8162d14cdcea225f56bae1300b","4895","1"
"49719","3abd516d26ab7e8882ecef373c62a7ecb02be401e8f4f47682a7c99affec594c","92904","1","0","0","1","PU","68522","pval.c_gen_prios.c","PU","719","522","f309754b73f92fdb35c69a2d23c208683c44a59f5a50be154aaed7a586326380","59ee1372eea33da570c4b56c8c1c77d170106a8162d14cdcea225f56bae1300b","4895","1"
"49720","558ec59df62e2d7a2aa2a988f6b40930c8c0bef849670cf864e496c4a89b360d","92905","1","0","0","1","PU","68523","pval.c_gen_prios.c","PU","724","524","f309754b73f92fdb35c69a2d23c208683c44a59f5a50be154aaed7a586326380","59ee1372eea33da570c4b56c8c1c77d170106a8162d14cdcea225f56bae1300b","4895","1"
"49721","d85c852b5263ef5326b8767f9c24d84acc06a1781e9463813accf08dfc5f4f9a","92906","1","0","0","1","PU","68524","pval.c_gen_prios.c","PU","727","525","f309754b73f92fdb35c69a2d23c208683c44a59f5a50be154aaed7a586326380","59ee1372eea33da570c4b56c8c1c77d170106a8162d14cdcea225f56bae1300b","4895","1"
"49722","992746febd2ca4a023ea3265f8ac8683516c8036614fab8ee9f830e55130087b","92907","12","0","0","1","PU","68525","pval.c_gen_prios.c","PU","729","527","f309754b73f92fdb35c69a2d23c208683c44a59f5a50be154aaed7a586326380","59ee1372eea33da570c4b56c8c1c77d170106a8162d14cdcea225f56bae1300b","4895","1"
"49723","7bf65bb672e274eef1ab9391a8b6df104e461fd2ea08433a0ae7e81dce636db5","92909","7","0","0","1","AE,FC,PU","68527","pval.c_gen_prios.c","AE","741","556","6d40d490d5ddf35752c78e5e3d5f8662b9355c13e3dad64fce5f234fa6c39759","19b32e5e5a14da7196c829425d80c79360ddd64b399bcffb17d8ce14cb210664","5099","1"
